1,鲁迅美术年谱,萧振鸣,国家图书馆出版社,NULL,2010年6月,617,680.00元,平装,9787501343751,0.0,10,NULL,"出版说明 在中国近现代美术史上，鲁迅与美术始终纠缠在一起，从童年对美术的热爱到编辑出版中外美术书籍；从鲁迅美术思想的提出到倡导新兴木刻，鲁迅一生始终贯串着美术活动。从这一角度看鲁迅，他是名符其实的“美术人”。 鲁迅作为二十世纪的伟大人物，其人格魅力和思想光焰几乎笼罩中国一个世纪。至今，仍然可以说鲁迅始终处于中国文坛的中心，鲁迅给世人留下了卷帙浩繁的著作，鲁迅之后的中国文坛难以出现如此伟大的人物。鲁迅去世后近八十年的鲁迅研究中，大多以鲁迅的小说、散文、杂文为研究主体，对鲁迅生命本体的研究诸如数十种鲁迅传记，是以他的生平、创作为主要对象，然而并没有一部完备的鲁迅美术年谱来纪传鲁迅的美术生活。这也是笔者著纂本书的起因。 通过对鲁迅一生美术活动的梳理，我们可以看到年仅五十六岁的鲁迅，生命付出最多的，除了创作和翻译之外便是在美术活动上。",鲁迅
2,一万次别离,米炎凉,江苏凤凰文艺出版社,NULL,2016-12-30,256,28,平装,9787539997421,7.7,20,NULL,"从梦想引领者到人生并肩人 他重塑她的人生观，给她知识、信仰和爱 大学教授 /医学院学生 /电影 /远方 我走过很多路， 可我知， 我愿意抬头仰望的还是同一座山， 使我泛起哀愁的还是同一条河， 我想的念的深爱的还是那一个人。 他重塑了她的人生观价值观，路途遥遥带回藏药偏方 为她根治顽疾，用他独有的方式让她学了一口流利的英语，她的梦想因他而起，她毅然远走去追逐梦想，所有勇气都因他而来！ 初遇他，她是病弱的少女，他是音乐节上惊才艳绝的摇滚歌手，因为曲毕退场时捡走了舞台上一支易拉罐，被她铭记，再见时 ，他已经是她的教授。 她一生最大的愿望是成为能和他比肩同游的人，为何最后却毅然背上行囊孤身远走？ 十几个国家，二十几座城市，走得越远越觉得孤独——这世间，万般美景，他是她这一生，唯一的执迷不悟。 一个人能给予另外一个人最恒久坚定的是什么？是名声？还是财富？ 他给...(展开全部)",言情
3,六人飞行组,祝晓羽,中国少年儿童出版社,NULL,2003-06,250,15.00,平装,9787500766865,9.5,91,NULL,世界是否像我们看到的那样平淡无奇？从一个周五夜晚开始，住在上海的女孩安琪彻底改变了想法：陌生女孩的奇怪问题，地下穿行的不明生物，从窗口习飞进的少年，还有隐隐约约居在神秘树林中的老博士。　路人物粉墨登场，天上飞的地下跑的无所不有，她和五个来自不同的国家的伙伴一起，被卷入了一场不可思议的冒险，并接触到了一个充满诡异的地下世界。原来，一切都因为梦游发明麦博士发明的一种习行药水……,童话
4,朱雀堂,鬼马星,上海人民出版社,NULL,2015-12,208,25.00元,平装,9787208133181,7.5,65,NULL,"《朱雀堂》是鬼马星民国背景下的侦探系列“民国秘事”中的第二部。以夏氏兄妹为主线人物，讲述围绕他们身边发生的离奇案件。     夏家兄妹在上海安家后不久，哥哥夏漠无意间获得一份法医工作的同时，也引出了一起发生在四马路寓所中的离奇连环案。妹妹夏英奇无意中，发现自己所知晓的秘密，或许已让自己身处险境……     一本神秘小说、十具无名女尸、失踪的高校女生、家长里短的邻居太太、不露声色的黑帮头目……英奇纠缠在蛛丝马迹的谜团之际，还需面对她和唐震云之间的感情……",悬疑
5,星移记,[美]休·豪伊,"浦睿文化/ 湖南文艺出版社",NULL,2016-1,300,48.00元,平装,9787540473662,6.5,25,NULL,"《星移记》是《羊毛战记》《尘埃记》的前传，讲述地堡的建造，揭开了前两部中隐藏的惊天秘密，为前两部故事的展开埋下了伏笔。故事背景设置在美国。保尔·瑟曼等掌权者认为世界将走向灭亡，于是启动了修建地堡的巨大工程，并通过人为制造的灾难将部分民众安排进了分别代表美国五十个州的地堡。不知情的唐纳德成为了该计划中设计地堡内部设施的重要人员。然而在地堡中循环往复的轮值中，他逐渐发现这个计划中邪恶的阴谋，并通过隐秘的手段揭开了真相，从而保护了仍在地堡中生活着的人们。 【编辑推荐】 《纽约时报》《今日美国》畅销榜图书 席卷全球的畅销奇迹 亚马逊电子书总榜冠军 科幻畅销榜第一名 《火星救援》《异形》导演雷德利·斯科特执导电影 《羊毛战记》《星移记》前传　地堡内外的秘密全面揭晓 《别相信任何人》作者S.J.沃森 《肖申克的救赎》作者斯蒂芬·金 一致推崇",科幻
6,"張愛玲學. 續篇",高全之,麥田,NULL,2014-4,320,NT,平装,9789863440796,0.0,10,NULL,"四十多年張學築路，從內緣來到外緣── 高全之是張愛玲海葬的見證人，四十多年來鑽研張愛玲，屢發前人所不見，復鈎沈不少珍貴材料，備受海峽兩岸三地文壇推崇。十八篇最新文論，著力三大方面：張愛玲英譯自己、中譯他人的翻譯問題及其張學價值；《雷峰塔》、《易經》、《小團圓》、《對照記》組成的「我自己的故事」寫作計畫，側重張愛玲對親族的評價；語錄私信中的友誼與美國生活地圖。 名人推薦 高全之一起步就以文學批評（特別是小說批評）為終身志業的這個抱負，從來沒改變過，就像信仰那麼堅定、堅毅。他孜孜不倦，全力以赴，就這麼穩定踏實地一路走來，長期的日問月學，培養出豐富的理論修養，周密的邏輯思考，以及嫻熟的文字駕馭力，大量汲取，厚積薄發，使他幾乎沒有經過一般寫作新手的青澀 階段，一出手就到達一定的藝術高度。——瘂弦〈高全之，學院外文學批評的築路人〉 像高全之這樣能以嚴謹誠虔的態...(展开全部)",张爱玲
7,蓝光枕之塔,[斯洛文尼亚]托马斯·萨拉蒙,作家出版社,NULL,2014-7,238,39.00元,平装,9787506374095,7.7,43,NULL,《蓝光枕之塔:萨拉蒙诗选》作者托马斯·萨拉蒙是中欧先锋诗人的主要代表，斯洛文尼亚当代最杰出的诗人。萨拉蒙的影响早已跨越大西洋两岸，他甚至被称为“当代美国诗人的精神教父”。青年诗人、翻译家赵四从萨拉蒙已经出版的三十三部诗集中精选了二百余首，历时四年，翻译成《蓝光枕之塔:萨拉蒙诗选》。,诗歌
8,海滨之屋,斯台芬・茨威格,华夏出版社,NULL,2002-1-1,130,7.00,平装(无盘),9787508026985,7.9,37,NULL,本书是奥地利著名作家斯台芬·茨威格的一部戏剧作品，讲述了十八世纪德国某港口城市的领港员哥特霍尔特·克吕格在家里开了一家酒店。就在这座“海滨之屋”里，演出了一出人间惨剧。克吕格的侄儿托马斯因为帮助一位年轻的水手逃脱征兵者的魔爪，自已却被迫随54名壮丁给押往美国。二十年后，托马斯返回故乡，又来到这座“海滨之屋”，但是物是人非，老叔父克吕格已衰老不堪，有个名叫彼得的年轻人不仅控制了托马斯的妻子卡塔林娜，还想霸占他们十九岁的女儿克利斯蒂纳。为了挽救女儿，惩罚恶人，托马斯不惜牺牲自已的生命。,茨威格
9,重读鲁迅,朱正,东方出版社,NULL,2006-11,480,39.80元,简裝本,9787506026598,7.6,20,NULL,鲁迅几万字的遗著，其中很大—部分必将永远受到读者的喜爱，后世读者将以一种赞叹和欣赏的态度阅读它。有—部分时过境迁，不再使人感到兴趣，比起文章来，更重要的是鲁迅这个人。他的入世的态度，他的爱国心和正义感，他对强暴的反抗和对弱者的同情，他为了中国进步不懈的努力，他身上那种中国优秀知识分子的传统的骨气，用他自己的话说，“这就是中国的脊梁”。他作为中国知识分子的楷模，这形象，这精神，必将永世长存。,鲁迅
10,与凤行,九鹭非香,江苏文艺出版社,NULL,2014-4,328,35.00元,平装,9787539972923,7.3,675,NULL,"上古神殒，世间只余最后一个神君——行止。 传言，这位行止神君数万年来独居天外天，无情无欲。仙魔大战中，他以一己之力力挽狂澜，此后更是杜门却扫，神踪难觅。 数百年不过弹指间。 身为魔界衔珠而生的女王爷，沈璃的一生是璀璨而夺目的。但在她千岁诞辰之际，政治联姻的魔爪劈头盖脸地挠过来。逃婚路上，沈璃被打回凤凰原形，负伤坠落人间。重伤昏迷之际，凡间小贩将她当作肥鸡，拔光了全身的毛，关在笼中待售。 沈璃醒来后被此情形气了个仰倒，却又无计可施。正蔫头耷脑之际，一个青衣白裳的清秀男子路过，若有所思地盯了她许久，随即笑道：“我要这只。” …… 两人的命运被一场看似不经意的交易紧紧地扭结在了一起。",言情
11,卖火柴的小女孩,"（丹）安徒生 著，（日）黑井健 绘",上海辞书出版社,NULL,2005-03,300,20.00,精装,9787532617043,8.8,86,NULL,"《安徒生童话绘本典藏:卖火柴的小女孩》作者安徒生，安徒生其实是这样一位作家，他善于戴着儿童童稚的面具向成年人讲述，同时又把完全属于成年人世界的体验用童话讲给孩子们听。安徒生是值得我们一生去读的，大文豪列夫•托尔斯泰用了十年的时间读安徒生的作品；安徒生是值得我们一代又一代的人去体味和感受的，正如散文家张晓风说的：如果有人5岁了，还没有倾听过安徒生，那么他的童年少了一段温馨；     如果有人15岁了，还没有阅读过安徒生，那么他的少年少了一道银灿；     如果有人25岁了，还没有细味过安徒生，那么他的青年少了一片辉碧；     如果有人35岁了，还没有了解过安徒生，那么他的壮年少了一种丰饶；     如果有人45岁了，还没有思索过安徒生，那么他的中年少了一点沉郁；     如果有人55岁了，还没有复习过安徒生，那么他的晚年少了一份悠远。",童话
12,张爱玲典藏全集<情场如战场等三种>(剧作暨小说增补),张爱玲,哈尔滨出版社,NULL,2003-10,208,12.80,平装,9787806990414,8.0,294,NULL,"这是一位谜一样的作家，既善于将生活艺术化，又满怀着近乎浪漫的悲剧情感，她是名门之后，但她以自己是一个自食其力者而自豪；她既悲天悯人，但时时刻刻又能洞见芸芸众生之可怜可笑……只有她才能同时享受万众瞩目的喧闹和形单影只的落寞。这本身，就足以成就一段悲壮的传奇…… 张爱玲是作为中国现代文学史上的一位杰出作家，而不是作为一个怪人、异人而存在的。也许她将不仅仅属于现代文学史。遥想几十年、几百年后，她会像她欣赏的李清照一样，在整个中国文学史上占据一个稳定的位置也说不定，而我们知道，那时候今天为我们所熟知的许多现代作家肯定都将被忽略不计了。",张爱玲
13,古谣谚,(清)杜文澜|校注,中华书局出版社,NULL,1958-1-1,1074,126.00元,精装,9787101024388,9.7,51,NULL,暂无简介,中国文学
14,高校入试,"[日]  湊佳苗",化学工业出版社,NULL,2016-1-1,322,39.80元,精装,9787122255181,6.5,79,NULL,"★日本推理天后湊佳苗首次尝试直接编剧、超越《告白》的最新力作 ★湊佳苗对现存考试制度以及社会教育的深刻拷问、反思和控诉 ★从小说到同名电影（长泽雅美领衔主演）均在日本引起轰动 ★完成这部作品后，让我身为一个小说家得以更上一层楼。──湊佳苗 “我的人生全都让高中入学考给毁了。”  17:00 “对那些曾经犯下罪行的人施以制裁！”  20:00 名校一高的入学考即将开始，师生们如临大敌地准备着，然而在网络那端BBS上却出现了破坏考试的讨论。果然，坏消息接连出现了——黑板上“搞垮入学考！”的宣言，被偷偷上传到BBS的考题，考场里不该响起的手机铃声，莫名丢失的答题卡，铺天盖地令人窒息的匿名留言…… 幕后黑手竟然是……",推理
15,花花果果枝枝蔓蔓,桥东里,新星出版社,NULL,2014-7,208,42.00,Paperback,9787513314831,7.6,234,NULL,"国内首部绝美手绘植物抒情散文 一段段温暖奇妙的植物情缘 一篇篇隽永不朽的草木传奇 于繁、败、荣、枯中细细体味—— 人间四季 花树一生 作者以南方特有的婀娜多姿的植物为描写对象，结合了博物学、植物学、古文献资料等，纵古揽今，引经据典，写就篇篇植物传奇。 行文集野趣、情趣、 旨趣一体。妙趣横生，清新怡人。南方的一花一草一木一果，皆身姿摇曳，葳蕤生光，在书中宛若一个个有着不同身份，不同性格的人儿。它们有名字、有来历、有性格，也有各自的命运，一起构成了南方草木的瑰丽图景。 有花有果有典有趣有识见，这本草木短文结集的清凉小书，在夏日到来之际可谓天意。——黎戈 读时令人不觉回想起幼年嬉戏时光，这些婀娜植物就仿佛摇曳在眼前，周围都变得绿意盎然了。——meiya",绘本
16,羊男的圣诞节,村上春树,上海译文出版社,NULL,2004-01,"80 页",13.00,平装,9787532732302,7.6,2018,NULL,这次村上春树笔锋一转写起了童话小说。故事主角羊男将会带着你来到不为你所知的异世界，踏上神奇、滑稽、一波三折的圣诞夜冒险之旅。我们不禁折服于村上春树的魔力，永远有能力用他的文字来带着你上天入地。配合着日本画家佐佐木让人爱不释手的精美插图，故事显得更加生动有趣。可以让早已走出童年的你再次重温童话的美梦，给你一份轻松愉快的心情，具有很强的可读性。,村上春树
17,制造漫画,"[美] Scott McCloud",人民邮电出版社,NULL,2010-4,253,49.00元,平装,9787115222152,9.1,205,NULL,"《制造漫画》是一本非常贴近漫画创作的教学用书，作者通过形象化的角色来叙述自己的创作观点，循序渐进地带领读者探索漫画的创作方式。《制造漫画》内容详尽，包含画格场景设计、面部表情刻画、肢体语言表述、页面布局、故事情节构建、创作工具的选择及个人漫画风格的定位等很多读者渴望提高自身能力的内容。《制造漫画》语言幽默诙谐，用看似非常简单的说法展示了漫画中所蕴含的极深的艺术魅力，同时向读者展示了如何通过文字与图片完美地诠释漫画这种艺术形式。 《制造漫画》非常适合于动漫爱好者、插画爱好者，以及相关专业的学生和工作人员阅读，也适合动漫相关专业作为培训教材。    点击链接进入新版：  世界动漫经典教程:制造漫画(修订版)",漫画
18,世说新语校笺,杨勇,中华书局,NULL,2006-6,1233,98.00元,平装,9787101051100,9.2,319,NULL,本书是杨勇先生一九六一年至六八年花了八年时间，搜集了二百四十余种有关《世说新语》数据，对《世说新语》所作的系统整理，一九六九年九月由香港大众书局出版。一九九八年九月，杨勇先生自香港中文大学退休，不断访求当世有关《世说新语》新着一百余种，又穷八年之力，重新为之写定，修订旧作数百处，新增三万余字。此次由中华书局重新刊印，杨勇先生又精益求精地订正了近百处讹误。本书后附有关图表、汪藻《世说新语人名谱校笺》、《世说新语人名异称表》、《世说新语人名索引》等，为读者使用提供了极大方便。,古典文学
19,罗斯玛丽的婴儿,埃拉·雷文,文化艺术出版社,NULL,2006－05,239,22.00元,简裝本,9787503929717,7.1,259,NULL,见罗曼·波兰斯基导演的同名影片,悬疑
20,月族,"[美] 玛丽莎·梅尔",北京联合出版公司,NULL,2016-8-1,360,39.90元,平装,9787550278905,8.1,868,NULL,"这世界没有地狱与天堂，只有爱与不爱的信仰。 风靡全球的史诗级科幻冒险畅销小说 全球每天至少有24万人在线阅读《月族》！——Goodreads数据 ★《纽约时报》《今日美国》畅销书排行榜双榜冠军。 ★亚马逊评分4.6星（满分5星），横扫青年图书榜，连续3年半超180周畅销榜榜首！ ★全球著名权威独立书评网站Goodreads4.45分超高分推荐（满分5分），超130万条好评，力压同类畅销书《暮光之城：暮色》（3.56分）、《饥饿游戏》（4.36分）与《三体》（3.97分）！ ★全球知名畅销书作家玛丽莎·梅尔处女作、成名作，引领科幻图书的标杆之作。 ★《饥饿游戏》译者耿芳翻译，超一流翻译家作品，读得畅快，值得信赖！ ★畅销美国、英国、法国、德国、俄罗斯、意大利、西班牙、葡萄牙、荷兰、波兰、瑞典、土耳其、匈牙利、捷克、保加利亚、克罗地亚、爱沙尼亚、格鲁吉亚...(展开全部)",外国文学
21,鲁迅三兄弟,黄野,天津社会科学院出版社,NULL,2010-12,274,29.80元,平装,9787806885925,0.0,10,NULL,《鲁迅三兄弟》对鲁迅三兄弟的大比较描写，想必会把你领入某种难言的感触之中的。若此，我们就没有浪费你的时间了。愿他们不同的生命价值和追求，会为你之涉于人生，参考一二。但愿我们对他们的直呼其名，没有破坏您对他们的崇敬之心。而我们认为，把一个人，放回到他的真实、凡人的基础上，来看待他的伟大和光耀，这才是对他最真实的敬意。我们就这样热爱他们了。,鲁迅
22,猎人们,朱天心,生活·读书·新知三联书店,NULL,2006-10,166,24.00元,平装,9787108024862,8.8,2213,NULL,"这本书虽是散文随笔集，但也可以视为小说家“都市人类学”式的台湾社会“畸零族群”观察，只是凝视对象从人转移到了猫，作家用情更深，在她自己的人生与时间中的刻凿痕迹也就越深。在这本书的九篇作品中，作家述写自己与屋里屋外、可见的与不可见的生活领域里众猫族的邂逅与相处，她给他们自由，却赚得了羁绊；对他们的生命尊之重之，自己的生命也得到丰富。 在作者的笔下，猫已经不是宠物、不是朱家男女老小的玩偶，而是一群独立自在的主体，各逞其能在人类支配的环境里寻找空隙，争取一份存活的空间。这种视猫为自由主体的猫书，应该与人类英雄的传记归于同一类文体。",随笔
23,易碎品,(英)尼尔·盖曼,人民文学出版社,NULL,2013-1,287,30.00元,平装,9787020095391,8.2,485,NULL,"易碎品比比皆是，人与心如此，故事也不例外！ 当代幻想文学大师尼尔•盖曼经典之作 《易碎品》收录了尼尔•盖曼包括雨果奖获奖作品《绿字的研究》在内的多部诗歌、散文及故事作品，展现了他天马行空的想象力和写作才华。他就像个魔术师，用不可思议的手法营造出绚丽惊奇的幻象，让读者惊喜连连，目不暇给。他既将怪诞恐怖的想象融入现实（《纪念与珍宝》、《饲者与食者》），又不乏未泯的童心（《大家都爱好孩子》），还把现实与虚幻天衣无缝地结合起来（《记忆小径拾零》、《打烊时分》），更用想象为童话度上了一层全新的色彩（《椅中的十月》）。在他的故事里，地狱与天堂只有一线之隔，真实与想象就在一念之间。逗趣、阴郁、诡谲、优雅、感伤、冷硬，不同的气质、跳跃的思维与充满灵气的文字背后，有对生活的爱，对失去的害怕，以及对情感细致入微的观察，让人紧张到后背发凉、温柔到心生暖意、兴奋到心跳加速，...(展开全部)",奇幻
24,華麗與蒼涼,蔡鳳儀（編）,皇冠,NULL,1996,302,"NTD 250",平裝,9789624513974,7.7,16,NULL,暂无简介,张爱玲
25,追风筝的人,"[美] 卡勒德·胡赛尼",上海人民出版社,NULL,2006-5,362,29.00元,平装,9787208061644,8.8,254289,NULL,"12岁的阿富汗富家少爷阿米尔与仆人哈桑情同手足。然而，在一场风筝比赛后，发生了一件悲惨不堪的事，阿米尔为自己的懦弱感到自责和痛苦，逼走了哈桑，不久，自己也跟随父亲逃往美国。 成年后的阿米尔始终无法原谅自己当年对哈桑的背叛。为了赎罪，阿米尔再度踏上暌违二十多年的故乡，希望能为不幸的好友尽最后一点心力，却发现一个惊天谎言，儿时的噩梦再度重演，阿米尔该如何抉择？ 故事如此残忍而又美丽，作者以温暖细腻的笔法勾勒人性的本质与救赎，读来令人荡气回肠。",小说
26,武则天,苏童,上海文艺出版社,NULL,2004-08,199,15.00,平装,9787532127214,8.0,3041,NULL,"目录 1 才人武照 2 太子弘 3 昭仪武照 4 太子贤 5 天后武照 6 睿宗 7 女皇 8 尾声",当代文学
27,罗曼·罗兰,茨威格,安徽文艺出版社,NULL,2000-8,262,12.8,平装,9787539619293,7.9,15,NULL,,茨威格
28,丽塔和小东西的圣诞节,胡月,农村读物出版社,NULL,2011-1,24,14.80元,精装,9787504854148,9.1,24,NULL,《丽塔和小东西的圣诞节》讲述了5岁的小女孩丽塔和没有名字的小狗——小东西之间的故事，不管是丽塔的臭美还是小东西的我行我素，都给每天的生活带来另一种可爱和有趣。《丽塔和小东西的圣诞节》是套富有童心童趣的绘本。,童话
29,"凝爱成珠.1 归来",尼卡,江苏文艺出版社,NULL,2015-7,329,32.80元,平装,9787539983141,8.0,248,NULL,"对亚宁来说，湘湘是童年记忆里最甜美的糖果，是少年心情里飘飘的白裙和初次心动，是后来漫长的岁月中、纸醉金迷花天酒地然而手表上永远显示的那个伦敦时间。 对湘湘来说，亚宁是突然间闯入她安宁的童年的黑小子，是搅乱她豆蔻年华的莽撞少年，是深陷迷雾中带领她前行的温暖的手，是相隔万里时总不期而至的幸福，是宁可背负背信弃义恶名、也要勇敢承担起来的爱和责任。 七年的分离，不过时间长河里微渺的一滴水。 七年的等待，让彼此的爱恨更加分明。 当往事浮现，当恩怨明晰，当爱欲重燃，他们是否能坦然面对生命中最重要的人、最深重的爱恋？",言情
30,"Alien Interview","Lawrence R. Spencer","Lawrence R. Spencer",NULL,2008-05-28,324,"USD 18.50","Perfect Paperback",9780615204604,7.7,73,NULL,"The content of this book is the letter, official Top Secret U.S. Army Air Force interview transcripts and personal notes I received from the late Matilda O""Donnell MacElroy. Her letter to me asserts that this material is based on a series of interviews she conducted with an extraterrestrial being as part of her official duty as a nurse in the U.S. Army Air Force. During July an...(展开全部)",科幻
31,黄昏或黎明的诗人,王家新,花城出版社,NULL,2015-5,272,32.00元,精装,9787536074521,8.1,20,NULL,此书是诗人王家新近年来读诗和翻译手记的新作。书中谈及对策兰、奥登、曼德尔施塔姆、茨维塔耶娃等诗人的了解、喜爱、翻译的过程，及对他们诗歌的阅读感受。是对诗人阅读和写作生活的记录，也探讨了诗人和诗歌对社会的关照。,诗歌
32,鲁迅手稿全集,鲁迅手稿全集编委会,北京图书馆出版社,NULL,不详,60册(2箱),7800.00元,影印本,9787501317158,0.0,10,NULL,《鲁迅手稿全集》包括:文稿、书信、日记,鲁迅
33,"曾国藩全集 (全30册)",曾国藩,岳麓书社,NULL,1994-12-01,300,680.0,平装,9787805205830,9.4,37,NULL,,中国文学
34,霓裳·张爱玲,陶方宣,东方出版中心,NULL,2008年,173,32.00元,平装,9787801868893,7.5,70,NULL,"陶方宣的文字（代序）王唯铭 1. 织锦缎夹袍 2. 矮领子布旗袍 3. 拟古式齐膝夹祆 4. 双行横扣的黑呢斗篷 5. 洒着竹叶的旗袍 6. 暗灰色薄呢窄裙 7. 暗红的薄棉袍 8. 半旧的布长衫 9. 宝蓝色绸袍 10. 茶青折褶绸裙 11. 潮湿绿曳地长袍 12. 葱白无袖素绸长袍 13. 翠蓝色夏布衫 14. 海绿花绸子衣服 15. 粉蓝色薄纱荷叶裙 16. 翡翠绿天鹅绒斗篷 17. 红蓝格子小围巾 18. 胡兰成的皮袄 19. 湖色熟罗对襟褂 20. 花绸子衣料围巾 21. 孔雀蓝镶金线上衣 22. 喇叭袖唐装单衫 23. 蓝布罩衫 24. 老祖母夹被服 25. 绿底白花的毛线衣 26. 柠檬黄裸臂晚礼服 27. 前清样式的绣花袄裤 28. 浅蓝色绸旗袍 29. 饰暗纽的黑呢大衣 30. 双凤绣花鞋 31. 金鱼黄紧身长衣 32. 素花低领布...(展开全部)",张爱玲
35,西班牙披肩之谜,埃勒里·奎因,内蒙古人民出版社,NULL,2009-1,236,15.80元,平装,9787204099511,7.5,691,NULL,"埃勒里与探长父亲的挚友马克林法官同行，前往西班牙岬附近的海滨小屋避暑，一抵达便发现手脚被绑、受伤昏厥的女子，她是西班牙岬主人的千金萝萨·高德弗雷，这是一桩绑架案吗？ 消息传回高德弗雷家之后，萝萨的男友柯特连忙赶来，却带来另一桩噩耗：家中宴请的客人约翰·马尔科陈尸在别墅海滨的阳台上。死者全身赤裸坐在椅子上，浓密黑卷发上的黑色软呢帽稍稍右斜，只留一件歌剧式的披肩挂在肩膀上。尸体为何被如此安置？为何一丝不挂？……",推理
36,回到你自己,王乾坤,中国文联,NULL,2001-8-1,294,18.20,精装(无盘),9787505938731,0.0,10,NULL,回到你自己：关于鲁迅的对聊，ISBN：9787505938731，作者：王乾坤著,鲁迅
37,我的路6,寂地,黑龙江美术出版社,NULL,2011-12,128,25.00元,平装,9787531832744,8.8,1764,NULL,"历时两年，温暖再续。 一道关于幸福的菜肴，一份交付终生的信任，一个为爱停留的旅人，一颗封存爱情的种子，一张隔离自己的面具，一位夜色中的守护者。 寂地，我的路第六册《风轻云淡》。收录《阿布的店》《它们的故事》《平安小镇》《记忆种子》《面具》《夜的守护者》及特别篇《守护者讲 的故事》《V先生的提包》8篇佳作。 V先生和小浣，继续着他们的旅途。一直在你身边，从未走远。 《风轻云淡》宣传短片请访问：http://v.youku.com/v_show/id_XMzI2MjkzNjky.html：",绘本
38,昨日世界,"[奥] 茨威格",人民文学出版社,NULL,2015-4,337,39.00元,平装,9787020107964,9.3,35,NULL,《昨日世界》这部回忆录从一位欧洲知识分子的视角再现了从19、20世纪之交到1939年第二次世界大战爆发这一段欧洲史，展现了茨威格个人的精神历程，回顾了他与罗曼罗兰、维尔哈伦、麦绥莱勒、高尔基、里尔克、理查施特劳斯、赫尔策尔等文化界人士的交往，对带给欧洲和人类巨大创痛的两次战争的缘由进行了深刻的反思。,茨威格
39,村上朝日堂的卷土重来,（日）村上春树,上海译文出版社,NULL,2004-06,192,14.00,平装,9787532734573,8.1,1133,NULL,《村上朝日堂的卷土重》是村上春树随笔系列之一，由48篇短文组成，内容大致可分为两类，一是关于作者本人的，如他的家庭情况、个人爱好习性、早年的生活和创作、成名后的曲闻逸事，一是作者对社会问题的种种看法和议论，如关于选举、大众阅读、人到中年、健康及电影、音乐。,村上春树
40,世说新语（上下）,"朱碧莲，沈海波 译注",中华书局,NULL,2011-5-1,947,56.00元,精装,9787101079401,9.1,152,NULL,"世说新语（上下册），ISBN：9787101079401，作者：朱碧莲，沈海波 译注",古典文学
41,到底是上海人,张爱玲原著,汉语大词典出版社,NULL,1995年2月,156页,"RMB 6.50",32开,9787543201477,7.5,10,NULL,暂无简介,张爱玲
42,利维坦号战记Ⅱ——伊斯坦布尔大炮,[美]斯科特•维斯特菲尔德,清华大学出版社,NULL,2013-7-10,374,30,平装,9787302316077,8.4,93,NULL,"如果达尔文不只提出进化论，还发现了DNA？ 如果戴姆勒既发明了汽车，又造出武装机甲？ 如果第一次世界大战是在达尔文主义者与大机器崇拜者之间展开？ 这是你所不知道的、未曾发生的历史—— “比希摩斯”是英国皇军海军中最凶猛的巨怪，它可以一口吞掉敌军的战舰。达尔文协约国将会借助它的力量来与机械同盟国抗衡。 德琳是一个扮作男生在英国空军服役的女孩子，而亚历山大则是一个伪装成平民的奥匈帝国继承人。这两人都随利维坦号飞艇出征，希望能阻止战争。但当利维坦号的和平使命陷入危机时，两人发现自己正身陷敌军的领土之上，孤立无援、疲惫不堪。 亚历山大和德琳需要新的盟友军和顽强的斗志面对前方的困难。",科幻
43,哑舍,玄色,长江出版社,NULL,2011-4,238,23.80元,平装,9787549204007,7.7,2655,NULL,"热闹与喧嚣的摩登城市，历史在这里无声沉积。那些神话传说中亦真亦假的奇珍异宝，曾一度遗落在历史的长河里。然而，此刻，它们就在这里——名为“哑舍”的古董店。 一面古镜，连接了两千年的时光，让两个不同时空的男女命运交织。一条手链，每一颗宝石可达成一个愿望，让你找回曾经丢失的东西。一根香烛，燃烧千年，也流了千年的烛泪，只为等待自己所想的那个人。一个瓷枕，可以让你美梦成真，也会让你噩梦成真。一把利剑，不管桑海沧田，时代变迁，仍久守着几千年前的承诺。一根竹简，脆弱得不堪一击，却封印着远古强大的魔兽。一块玉像，可以交换人与人之间的灵魂，让两个人的世界完全颠倒。一尊木偶，承载着两千年的爱恋，幻化成为主人想要的世界。一粒种子，时隔两千年仍能发出芽来，只是需要用血和泪来浇灌。一把油伞，缠绕了一个幽怨的灵魂，事实其实并不如传说中的那么美好。一块长命锁，可以保佑小孩子的生命...(展开全部)",奇幻
44,灌篮高手（全31卷）,"[日] 井上雄彦",长春出版社,NULL,2005-10,6200,232.50元,平装,9787544502313,9.8,2417,NULL,一部围绕青少年篮球运动的日本幽默卡通巨片！是九十年代以来，在中国内地最火爆最为经典的日本漫画！漫画讲述的是一名叫樱木花道的高一新生追求篮球梦的故事，他在初中的恋爱失败了50次，上了高中，为了赢得晴子的芳心加入了湘北篮球社，并以惊人的速度进步，开始了他的篮球生涯。在那里，他遇上了女生心目中的篮球偶像流川枫，以及宫城、三井等人的出现，湘北篮球社不断成长……,漫画
45,后来,"[英] 罗莎蒙德•勒普顿",湖南文艺出版社,NULL,2011-10-15,432,29.80元,平装,9787540451196,7.2,306,NULL,"学校教学楼着火了，他们在里面，都在里面。 滚滚浓烟染黑了夏日湛蓝的天空。格蕾丝跑到学校的时候，发现儿子亚当安然无恙地待在教学楼外，而女儿珍妮却还在教学楼里。格蕾丝冲进烈火熊熊的大楼，在浓烟和火舌中找到珍妮。拖着她下楼时，却被坍塌的重物压住…… 恢复知觉时已是在医院，格蕾丝发现自己和女儿的灵魂都能够自如行动，而身体都已是重伤。惊人的消息传来：八岁的亚当被指控是纵火者！可她俩都知道，这个优雅、善良的孩子绝不会做这种事。 格蕾丝不停奔走，终于发现了事件背后的惊天阴谋，但是没人能看得见她和珍妮，也听不见她们说话。此时，珍妮的生命迹象已岌岌可危……",悬疑
46,苍河白日梦,刘恒,作家出版社,NULL,2009-1-1,295,22.00元,平装,9787506343930,7.5,129,NULL,《苍河白日梦》主要内容：是清末民初，江南小镇，曹家深宅大院内演绎着一段鲜为人知的往事：老爷曹如器的小屋里架着一口锅。这口锅一烧几十年，无奇不煮，从水蝎、牛蜂、老鼠崽到儿媳的胎盘，曹老爷无怪不吃，遍尝人生。“耳朵”鞍前马后地伺候着曹如器。大少爷曹光满把持着家中大权，一妻一妾生了七个女儿，终无传宗接代之子，令其疯狂。二少爷曹光汉从西洋留学归来，极不情愿地遵从父母之命，娶了世钡之家大小姐郑玉楠为妻。他身为人夫，却摆脱不了深重的恋母情结，以至无法行夫妻之亨，让他唯一感到振奋的是和从瑞典请来的机械师路卡斯共同创办“火柴公社”，受过新学教育的少奶奶郑玉楠在内心极度苦闷之下，与路卡斯产生恋情并怀孕。,当代文学
47,蓝房子,北岛,江苏文艺出版社,NULL,2009-3,183,18.00,平装,9787539931173,8.4,4034,NULL,诗人北岛的散文集，写他在国内国外的所见、所闻、所忆、所历。北岛的散文如他的诗一样优美，高雅，无论是写人，还是叙事，他娓娓道来，如谈家常，亲切而自然，使人阅读轻松，有陶然之感。,随笔
48,古诗十九首释,朱自清,译林出版社,NULL,2015-1,200,16.80,平装,9787544748711,8.1,43,NULL,本书收录了朱自清先生的经典学术著作《古诗十九首释》，以及《诗言志辨》的部分章节。在《古诗十九首释》中，朱自清以现代人的学术眼光和审美情趣重新阐释《古诗十九首》，既对诗歌故实进行注解考证，又对诗歌意蕴进行鉴赏批评，形成了朱自清独有的诗歌阐释，成为后人研究的典范。《诗言志辨》则节选了诗言志、诗教、正变三章，重在研究诗论史的发展，是朱自清诗论研究中最精粹的部分。,诗歌
49,金蔷薇,[俄]康·帕乌斯托夫斯基,上海译文出版社,NULL,2007-3,305,15.00,平装,9787532741823,9.0,2356,NULL,《金蔷薇》是一部总结作者本人创作经验、研究俄罗斯和世界上许多文学大师的创作活动、探讨文学创作的过程、方法和目的的美文集。文学大师用他别具一格的文笔气势磅礴而又精致入微地描绘了人类的美好感情和大自然的如画美景，阐述了作家的使命、文学创作的目的和方法，使每一位读了《金蔷薇》的文学爱好者、文学创作者和文学批评家得到极大的启发。本书以新颖优美的文笔塑造的一个个鲜活动人的形象，具有无可抗拒的强大的感染力，给人留下不可磨灭的深刻印象，催发人们博爱的美好感情。中国现当代著名作家凡读过《金蔷薇》者，无不称赞这是一本不可多得的好书，并且肯定该书在自己文学创作的道上起过重要作用。相信这本书今天依然会给读者以诸多教益。,外国文学
50,茨威格小说研究,杨荣,巴蜀书社,NULL,2003-1,441,32.00元,简裝本,9787806595060,6.1,32,NULL,《茨威格小说研究》对这位奥地利文学大师的犹太出身、文学创作历程等进行人物分析，并对其小说作品进行文本研究，且从大师的细节描写、心理刻画等方面论述其艺术特色。,茨威格
51,"The Rouge of the North","Eileen Chang","University of California Press",NULL,1998-08-10,185,"USD 19.95",Paperback,9780520210875,7.9,22,NULL,"The Rouge of the North is the story of Yindi, a beautiful young bride who marries the blind, bedridden son of a rich and noble family. Captive to household ritual, to the strategies and contempt of her sisters-in-law, and to the exacting dictates of her husband""s mother, Yindi is pressed beneath the weight of an existence that offers no hope of change. Dramatic events in the ou...(展开全部)",张爱玲
52,阿麦从军,鲜橙,江苏文艺出版社,NULL,2011-7,695,49.80元,平装,9787539945385,8.4,1534,NULL,"阿麦出生在麦熟时节，为此差点被爹爹取名为“麦兜”。 阿麦的父母从另一个时空穿越而来，她本想跟着父母过一番清净无争的田园生活，谁料年幼丧双亲，战场逢异事……卸去红妆，进入军营，注定与骚包将军邂逅，与沙场杀将相逢，从一个小兵，成长为一代“战神”。阿麦知道，她为民绝情，为国弃爱，自己所做的这一切，不止是为了找到朝夕八年的哥哥，问一句“为什么”。 刀剑无影的战场上，无论谁是男主，谁是男配，她都是一身戎装，无一败绩。朝堂之上，他为君，她为臣。他俯视，她扬颌。他有雷霆之威，她有傲骨铮铮。 谁说女子须得以娇躯求安生，生死之后，江山如画，她只想寻个故人，一同赏春景。",言情
53,无论如何等到我们相遇,黛西,湖南文艺出版社,NULL,2013-11-1,200,38,平装,9787540464493,8.0,125,NULL,"《世界上的女孩都是猫》是一部纯手绘创作的绘本，画风成熟稳定，颜色精美靓丽，是当前浮躁的市场上久违了的经得起时间沉淀的作品。文字脚本立足于挖掘人们内心深处的柔软与坚强，围绕亲情、爱情、友情主题，风格温暖，有发人深省的力量。 绘本内容的主线是忧郁而神秘的猫小姐的世界。有关迷离的爱情，有关纸碎金迷的都市。以独特的人物形象，绝妙的画面以及温暖却略带伤感的语言取胜。来源于生活，生动有趣，且能引发共鸣。",童话
54,大誘拐,天藤真,獨步文化,NULL,2010年10月15日,368,"NT 360",平装,9789866562693,8.4,194,NULL,"千呼萬喚，詢問度最高的傳奇小說重現江湖！ 「走運拐到我，贖金不討個一百億就太過分啦！」 異想天開的菜鳥綁匪V.S.富可敵國的八十歲女諸葛 空前絕後的奇蹟犯罪， 只在幽默推理大師天藤真筆下化為可能！ 第三十二屆日本推理作家協會長篇獎 週刊文春「二十世紀十大推理傑作」第一名 錢財乃身外之物， 這輩子，只想漂亮地圓一場夢。 三個有竊盜前科的小賊，聯手綁架紀州富豪柳川老夫人，並喊出史上最高的贖金價碼，一百億圓。在全球媒體的關注下，綁匪大膽運用電視轉播，三番兩次玩弄警方於股掌之間，最後神不知鬼不覺地取走贖金，消失無蹤…… 這些初出茅廬的菜鳥到底有何神通本領，連身經百戰的警界巨頭都束手無策？ 聰明一世的老夫人，能夠在險境中扭轉局勢、逃出生天嗎？ 隨著故事進展捧腹絕倒之餘，探向心頭，竟是一片溫馨洋溢，以及一陣抓不住的無奈悵惘……",推理
55,现代文库-鲁迅杂文,鲁迅,江苏文艺出版社,NULL,2010-1,315,18.50元,平装,9787539933931,8.4,29,NULL,《鲁迅杂文》内容简介：杂文是我国文学史上古已有这的一种体截，在文艺理论古典名著《文心雕龙》中便有所论述。对于杂文写作，鲁迅怀着一种目的明确的自觉意识，其中蕴含着他的严肃、崇高而执著的思想追求和精神追求。鲁迅的杂文，正是这样一种社会批评和文明批评。鲁迅的许多杂文，我们从字面上看只是针对他所处的那个社会环境中的许多具体的人、事和社会现象，但他所表现的思想和精神却远远地超越了现实空间。,鲁迅
56,北方的河,张承志,山东文艺出版社,NULL,2001-3,346,13.80元,平装,9787532918560,8.4,1419,NULL,收录中篇小说《北方的河》，及《北望长城外》、《静时》、《绿夜》、《老桥》、《大坂》等短篇小说11部。,中国文学
57,一个苹果,(日)福田直,光明日报出版社,NULL,2014-11,300,18.00元,平装,9787511272379,8.5,36,NULL,"树上落下来一个苹果。 小动物们都饿得慌。 小猴子抢到了苹果。 其它的小动物很着急。 大家追着小猴子要苹果。 小猴子从这棵树上蹦到那棵树上。 大家就从这棵树上追到那棵树上。 小猴子爬上山坡。大家也跟着爬上山坡。…… 最后，这个苹果落到谁手里了呢？ 本书讲述的是一个苹果引起的一场诙谐愉快的角逐。 画面温馨，画风细腻，色调温暖，故事情节简单紧凑、扣人心弦，诙谐幽默地讲述了为他人着想的重要性。",绘本
58,皱纹,（西班牙）帕科·罗卡,浙江人民美术出版社,NULL,2016-4-1,104,78.00,精装,9787534048166,9.3,65,NULL,帕科·罗卡讲述了年老体衰引起的生理退化和阿尔茨海默病。埃米利奥，一位前银行管理层人士，被他的家人安排住进了养老院……他回忆起童年，却记不住刚刚阅读过的文字，感到迷失了生活的方向……《皱纹》一书生动地刻画了普通人与迟暮之年的对抗，这是一场战役，没有武器却充满了哀伤。,漫画
59,解忧杂货店,(日)东野圭吾,南海出版公司,NULL,2014-5,291,39.50元,Hardcover,9787544270878,8.6,179397,NULL,"现代人内心流失的东西，这家杂货店能帮你找回—— 僻静的街道旁有一家杂货店，只要写下烦恼投进卷帘门的投信口，第二天就会在店后的牛奶箱里得到回答。 因男友身患绝症，年轻女孩静子在爱情与梦想间徘徊；克郎为了音乐梦想离家漂泊，却在现实中寸步难行；少年浩介面临家庭巨变，挣扎在亲情与未来的迷茫中…… 他们将困惑写成信投进杂货店，随即奇妙的事情竟不断发生。 生命中的一次偶然交会，将如何演绎出截然不同的人生？ 如今回顾写作过程，我发现自己始终在思考一个问题：站在人生的岔路口，人究竟应该怎么做？我希望读者能在掩卷时喃喃自语：我从未读过这样的小说。——东野圭吾",小说
60,村上朝日堂是如何锻造的,村上春树,上海译文出版社,NULL,2005-9,224,15.00元,简裝本,9787532737529,8.2,889,NULL,"村上春树随笔系列之一，共55篇
   目录
   译者短语
 体罚
 沙滩上的钥匙
 安西水丸的秘密森林
 空中飘游乐不可支
 报纸、信息等等
 Heineken啤酒的优点
 跑步俱乐部通讯
 裸体做家务的是是非非
 作为爱好的翻译
 公司再好不过？
 空中飘游俱乐部通讯（二）
 田纳西·威廉斯何以被人看扁
 ......",村上春树
61,祸匣打开之后,宋宜昌,甘肃人民出版社,NULL,1982,300,0.95元,32开,9999999999999,7.6,65,NULL,著名军事题材作家宋宜昌先生的作品。30年前的作品，今天读来仍觉得想象超前，是科学幻想小说中的经典作品。宋宜昌是位风格严谨的科普作家，该作品是那次科幻大潮中最近似于西方科幻小说标准的一部作品。其主要故事情节是：几十万年前一对寻找殖民地的外星人驾飞船来到地球，生命枯竭。死前留下十几个冷冻胚胎。二十三世纪时，一场地震触发了南极大陆冰盖下的外星人飞船，冷冻胚胎迅速发育成个体。开始操纵先进武器，发动毁灭人类文明的战争。世界各国团结起来投入抗战。最后在友好外星人的帮助下打败了侵略者。这部小说彻底摆脱了以往大陆科幻作品局限于局部事件或小发明的样式，将整个人类作为主角来描写。气势恢宏，场面浩大。表面上看，该作品与今天的美国影片《天煞》题材相似，但没有后者中的沙文主义倾向。虽然以中国人为小说主人公，但也分出相当笔墨，描写世界各国组织的反抗斗争。甚至有南太平洋土人用“土...(展开全部),科幻
62,苏轼词集,[宋]苏轼,上海古籍出版社,NULL,2009-08,288,18.00元,平装,9787532553945,9.3,417,NULL,苏轼是宋代伟大的现实主义文学家，他以卓越的天才、广博的学识、开朗的胸襟，写出了大量辉煌的诗、文、词，表达了自己一生的真实经历和和丰富的思想情感。苏轼词内容广阔，气魄雄伟，语言朴素，一反过去绮罗香泽及离情别绪的局限，是宋词空前的划时代的革新，也是宋词进一步的发展。本书备搜苏轼词全部作品及后人的评论，另外还加以简单的注释和系年，为读者欣赏苏轼词提供了较多的方便。,古典文学
63,"翻手苍凉 覆手繁华",杨莹骅,长江出版传媒长江文艺出版社,NULL,2012-9,230,29.80元,平装,9787535460240,8.0,84,NULL,"张爱玲，“民国世界的临水照花人”，一生中充满传奇色彩的天才女子。她有着贵族的血统，是李鸿章的曾外孙女，却选择远离家族的光环，按照内心的选择追随生命的自由。她才华横溢，早年创作了令世人惊叹的《金锁记》、《倾城之恋》等小说，转战电影界也收获颇丰。几十年后，她的作品仍在风行，由小说改编的戏剧、电影都在寻找她，也在寻找她所创造的上海。 这一本书，是逆着苍凉与繁华的时光之河，循着张爱玲的足迹写就的随笔。以时间为脉络，作者以手中沙、光中影、水中月、风中音、海潮声、梦中梦六种意象，从不同角度追溯张爱玲的一生，有关爱情，有关作品，有关记忆，有关怀念。作者在虔诚的书写中，也在时刻提醒我们：寻找张爱玲的路上，总能遇到似曾相识的自己。",张爱玲
64,刘震云精选集,刘震云,北京燕山出版社,NULL,2011-4,446,20.00元,平装,9787540217679,8.4,581,NULL,刘震云，当代知名作家，八十年代中期曾与池莉、方方等一同作为“新写实主义”的代表人物，引起全国性反响，中篇小说《一地鸡毛》更因改编为电视剧而受人瞩目。其作品大多围绕权力与人性的关系展开，其代表作如《官场》、《官人》等，“故乡系列”历史小说则颇受圈内人嘉许，《世纪文学经典·刘震云精选集》收录了他的中短篇小说数篇，从中你可以品到这位文人型作家的绝代风采。,当代文学
65,"永恆之王: 亞瑟王傳奇","特倫斯．韓伯瑞．懷特 T. H. White",繆思出版有限公司,NULL,2012-9,576,NT,精装,9789866026287,9.2,20,NULL,"最偉大的奇幻經典 沒讀過亞瑟王，別說你是奇幻讀者！ 他拔出石中劍，以騎士精神打造卡美洛王朝； 他是永垂不朽的傳說──亞瑟王。  他不是一位浪漫的英雄，而是一個盡其所能把事情做到最好的凡人；他不是騎士精神的領袖，而是個不斷思考的孩子，試圖忠於他那位古怪魔法導師；他不是英格蘭王亞瑟，而是個孤獨的人，在命運的齒牙之間，付出大半輩子的時間戴著王冠。  身兼學者和作家的懷特，爬梳無數詩歌、散文及史料，改編十五世紀起即為經典的《亞瑟之死》，以前所未見的博學觀點，完整還原亞瑟王及圓桌武士的故事細節；亦人亦神的英格蘭之王，在研究者的犀利和小說家的細膩中，褪下傳奇的軀殼，找回最平凡的肉身。 暱稱為「小瓦」的亞瑟，遇上不合時宜的巫師梅林，無意間拔出石中劍，成為一介被卡美洛王朝壓得喘不過氣的凡人。他見證騎士精神的誕生與破滅、信仰的建立和背棄、國家的認同與游離、人性的至情與...(展开全部)",奇幻
66,鲁迅诗编年笺证,佚名,不详,NULL,2011-1,461,59.00元,平装,9787010095080,0.0,10,NULL,"鲁迅诗编年笺证》是目前所收最齐全，笺证最详确，同时也应是最为可靠的鲁迅诗歌读本，笺证者以其较好的学术悟性和颇具成就的诗词创作为基础，根据鲁迅诗歌背后的事实真相和诗歌本身的内在要求，厘清众多纷繁芜杂而又易于混淆视听的说法，作出应该足以取信于读者的判断，最终纠正了一再讹误着的许多权威说法。 《鲁迅诗编年笺证》所收鲁迅诗歌，以2006年人民文学出版社版《鲁迅散文诗歌全编》之“诗歌金编”为笺证底本，删削其中那些并非属于诗者，而从相关书籍中增列其诗歌，予以说明并笺证之。又，底本中的诗歌排列次序极为混乱，现在一概以时间先后顺序排列，故名之曰“编年”；唯系“新诗”于附录部分，然亦予以系年及筒括笺证。 至于编年原则，大抵一般以鲁迅自身所及的写作时间为准，如无具体写作时间，而有确切的发表时间者，亦当据以为准。此外，还有一些经笺证者考证所得而定者。 《鲁迅诗编年笺证》具...(展开全部)",鲁迅
67,飞花青离传之刺客传奇（上）,月裹鸿声,接力出版社,NULL,2008-1-1,260,22.0,平装,9787544800501,8.1,208,NULL,"想得到“天下第一刺客”的称号，需要些什么？ 倾国倾城的容色？ 冠绝盖世的武功？ 欺莺赛燕的歌艺？ 曼妙勾魂的舞姿？ 前两样，柳青离都还不够，后两样，柳青离提都不提，她只是用一双三白眼凛冽地环顾，如利剑般游刃有余地割开人心的缝隙，向天下发出灵验过那北地巫蛊、南疆神婆的保证：姓名被封在黑色信封之内，连同五千两银票一起交到她手上的人，三个月内必定会从这世上消失…… ` 然而，即使聪敏如她，也想不到，有一天阴差阳错，这把利剑会用在完全相反的一个方面吧？",悬疑
68,李商隱詩歌集解（全五冊）,刘学锴,中华书局,NULL,1998-01,1438,148.0,平装,9787101000566,9.4,254,NULL,此书是李商隐诗作的会校、会注、会评本。书后附录李商隐的传记资料、年表、生平考辨以及各本的序跋凡例、书目著录等。,诗歌
69,爱拉与洞熊族,(美)琼·奥尔,作家出版社,NULL,2013-1,421页,33.00元,平装,9787506360630,9.0,33,NULL,在三万年前的石器時代，人类孤儿爱拉被蛮荒家族收养了。他们自称洞熊族，古老保守，男尊女卑，视这人类小女孩为怪胎。爱拉不仅要学习生存技能，还要独自抵抗严苛的礼教、雄性的暴力。在如此险峻的环境下成长，爱拉会成为什么样的人？她会被洞熊族接纳吗？,童话
70,心灵的焦躁,茨威格,安徽文艺出版社,NULL,2004-10,323,12.00元,平装(无盘),9787539624822,8.7,30,NULL,《心灵的焦躁/世界文学名著宝库》内容为：世界文学名著以其优美的文字、丰富的艺术表现及所展现的广阔的社会现实和深刻的思想内涵，长期以来一直为广大读者所喜爱。世界文学名著的阅读，对人们了解不同时代、不同民族的文化心理与审美情趣，对青少年在潜移默化中完善健全的人格，培养深厚的人文精神都有着不可替代的作用。为满足广大读者的需要，推出了这套插图本《世界文学名著宝库》。本社长期以来一直致力于外国文学出版，拥有相当一批国内著名的译作者。特别是外国文学名著的出版，日积月累，渐有所成，形成了自己的独特品格，赢得了广大读者的厚爱。本丛书的编选，参考了国家教育部制定的语文课程标准课外阅读推荐书目，并在此基础进一步扩大范围，所选作品多为本社积累的名家名译。,茨威格
71,被禁锢的头脑,(波兰)切斯瓦夫·米沃什,广西师范大学出版社,NULL,2013-3,289,35.00元,平装,9787549511211,8.8,756,NULL,本书是1980年度诺贝尔文学奖获得者米沃什写于1950年代初的经典作品，对于二战前后波兰以及波罗的海三国人的处境做了精彩的描述与反省。米沃什的许多真知灼见放到现今的语境下，其阐释力度依然强劲，甚至更富潜力与空间。中文世界对本书期盼不已，中文版从波兰文直接译出，同时汇集了德文版、英文版序，并请著名批评家崔卫平女士作导读，可谓善本。,外国文学
72,"The Last Question (When the World Ends)","Isaac Asimov","Ziggurat Productions",NULL,2007-11,300,"USD 18.00","Audio CD",9781884214493,9.3,90,NULL,暂无简介,科幻
73,日本推理名作选·梦野久作（卷一）,梦野久作,吉林出版集团有限责任公司,NULL,2009年3月,379,28.00元,平装,9787546300740,7.5,349,NULL,"本卷收录了日本战前变格派推理大师梦野久作的作品13篇。其中《妖鼓》一篇为作者的成名之作，写一具附有诅咒的奇特妖鼓将制鼓者后代传人一步步引入咒怨深渊的诡异故事，亦真亦幻，摄人心魄。其他如《瓶装地狱》、《人脸》等篇亦是其早期代表作。 ※　　※　　※　　※　　※　　※　　※　　※　　※　　※　　※　　※　　※　　※　　※　　※　　※　　※ 目　录： 妖鼓 瓶装地狱 搜索夫人 人脸 押绘的奇迹 铁锤 蛋 老婆大人征信法 怪梦 灵感！ 大楼 吊死尸 恶魔祈祷书",推理
74,鲁迅诗稿,鲁迅,上海美术出版社,NULL,1983-9,89,1.05,平装,9999999999999,0.0,10,NULL,鲁迅诗稿的影印本，陈毅题字，郭沫若序。,鲁迅
75,在寂与寞的川流上,寐语者,北方联合出版传媒（集团）股份有限公司，万卷出版公司,NULL,2010-6,288,29.00,平装,9787547009802,7.6,1742,NULL,"2009年最受注目的网络职场情爱小说，其点击突破了700万。 一个周旋在三个精英男士间的白领丽人，一个在暧昧和职场间难以抉择的都市女人。 寐语者第一部职场爱情大戏，最触动都市OL爱情软肋的超人气畅销小说，洞察格子间的残酷与浪漫。 ************************************************************************* 办公室最隐秘的事是什么？ 是勾心斗角的潜伏谋算还是难以言说的暧昧情事？ 她设计专业毕业，一年之内做过企划做过销售做过行政； 她从不认为自己很聪明，但也绝不算笨，到头来却还只是一枚来去不由自己的棋子； 她爱过伤过，却还是执着地相信爱情； 她的理想明明是现世安稳岁月静好，依旧要戴好面具做个“白骨精”； 她，是一个格子间女人。 如果被暗恋已久的前上司殷勤期望重回核心部门， 如果被公司大...(展开全部)",言情
76,张爱玲十五讲,张均,文化艺术出版社,NULL,2012-1,406,39.80元,平装,9787503950377,8.1,29,NULL,《张爱玲15讲》内容简介：一个女作家，未必就生得美，像所有遭受“始乱终弃”命运的女子一样，张爱玲也经受过内心的剧烈痛楚，但人们一定要想尽办法从那段沉痛旧事上创造出倾国倾城的绝世浪漫。我更愿意将张爱玲看成一个以文字为生的普通人——经受着一份与别人并无大舜的命运，却能以惊人心力将自己的阅读经验，将自己对世界的经验与感受，转化为一篇篇璀璨至美的文字。在一片热闹喧嚣之下，潜伏着人世深永的哀愁，这在张爱玲的文字中得到了精确呈现：戏如人生，人生如戏。作为中国的虚无主义者，张爱玲写作时如同《红楼梦》《金瓶梅》一样，很讲求现世细节的铺叙……耽溺于物质的虚无，可能最接近张爱玲内在魂灵与伤痛。,张爱玲
77,八百万零一种死法,唐诺,"世纪文景 / 上海人民出版社",NULL,2014-9,424,49.00元,平装,9787208122611,8.2,196,NULL,"当推理小说不仅是推理小说，当导读不仅是导读 劳伦斯•布洛克、约瑟芬•铁伊、东尼•席勒曼 全赖唐诺一双慧眼引介到华文世界 侯孝贤、王家卫、梁朝伟、朱天文 多因唐诺一支健笔成为劳伦斯•布洛克的粉丝 39篇唐诺所作劳伦斯•布洛克作品导读首次全收录 我一直觉得布洛克小说最好看的 相当一部分，便在于他写的纽约，这个潘多拉的盒子，让所有他笔下的死亡在无比的华丽和无比的险刻凶残之间穿梭而行…也亏得有纽约这么个城市来支撑，这样的死亡才成立、才说得通，不至于轻飘飘的一吹就走，犹能如当年的汉密特和钱德勒一般，铁钉般又深又牢地打进读小说的人心里。——唐诺 唐诺任职出版社期间，热心引介和推出了许多现在已经是无人不知的欧美名家作品，如创作马修·斯卡德系列的劳伦斯·布洛克、一部《时间的女儿》威震天下的铁伊、冷硬派的开山鼻祖汉密特与钱德勒等，并亲自提笔为这些名家大作撰写导读。 唐...(展开全部)",随笔
78,怪蜗牛奇遇记,冰波,安徽少年儿童出版社,NULL,1987,120,0.75,平装,9787539700755,8.4,19,NULL,暂无简介,童话
79,诗经选,余冠英,人民文学出版社,NULL,1979,277,0.78,平装,9999999999999,8.9,290,NULL,暂无简介,古典文学
80,梵高奶奶的世界,"江华 著",中信出版社,NULL,2009-6,137,32.00,平装,9787508615066,8.3,1074,NULL,"一部温情之书。一颗清澈干净的心。在她的画里，色彩就是感情，线条勾勒的全是记忆。她70多才开始绘画，却被人们称之为“中国农村的梵高”。一次香港个人画展，两次被请上“鲁豫有约”。南方都市报，南方人物周刊，北京青年报，南方周末，中央电视台、湖南卫视，香港文汇报，苹果日报，新加坡联合早报，凤凰卫视、香港TVB等国内外各大媒体，纷纷报道了梵高奶奶和她的奇迹。 梵高奶奶，一位来自河南方城县的老太太。 在她晚年的一天，突然拿起画笔，创作出了百余幅画，其率性而为、真实朴拙的风格勾起了都市人的乡愁。 人们惊叹于她的天赋，称呼她为“中国农村的梵高”，或亲昵地称为“梵高奶奶”。 国内数十家报纸、广播和电视，港台、新加坡、北美，以及欧洲的媒体纷纷报道了梵高奶奶和她奇迹一般的画作。而梵高奶奶不知道，这个世界上会有那么多的人关注她和她的画。在一个门前开满紫金花的住宅里，她仍然用...(展开全部)",绘本
81,三寸金莲,冯骥才,新星出版社,NULL,2005-9,217,36.00元,平装,9787801487353,8.2,860,NULL,《三寸金莲》中的一种意图，即用大量充分的历史细节——实物照片，复原那曾经活着的奇异的历史，再现三寸金莲那一方匪夷所思的天地，给这中国文化中最隐秘、最闭锁、最黑暗的死角以雪亮曝光。历史的幽灵总是躲在某种遮蔽之下不肯离去，暗暗作崇；所以，当历史的一幕过去，我们应该做的是把那沉重的大幕拉开。,当代文学
82,为爱疯狂,斯.茨威格[奥],花城出版社,NULL,2003-3,353,18.50元,平装,9787536039926,8.5,43,NULL,暂无简介,茨威格
83,绿化树,张贤亮,人民文学出版,NULL,2006-1,173,9.00元,简裝本,9787020053568,8.0,1983,NULL,"50年代“右派分子”章永璘在宁夏劳动改造期间的一段永生难忘的生活经历。
 续篇是《男人的一半是女人》，同《习惯死亡》合称为张贤亮的爱情三部曲。",中国文学
84,围城,钱锺书,人民文学出版社,NULL,1991-2,359,19.00,平装,9787020024759,8.9,181085,NULL,"《围城》是钱钟书所著的长篇小说。第一版于1947年由上海晨光出版公司出版。1949年之后，由于政治等方面的原因，本书长期无法在中国大陆和台湾重印，仅在香港出现过盗印本。1980年由作者重新修订之后，在中国大陆地区由人民文学出版社刊印。此后作者又曾小幅修改过几次。《围城》自从出版以来，就受到许多人的推重。由于1949年后长期无法重印，这本书逐渐淡出人们的视野。1960年代，旅美汉学家夏志清在《中国现代小说史》(A History of Modern Chinese Fiction)中对本书作出很高的评价，这才重新引起人们对它的关注。人们对它的评价一般集中在两方面，幽默的语言和对生活深刻的观察。从1990年代开始，也有人提出对本书的不同看法，认为这是一部被“拔高”的小说，并不是一部出色的作品。很多人认为这是一部幽默作品。除了各具特色的人物语言之外，作者夹...(展开全部)",小说
85,鲁迅诗歌编年译释,吴海发,中国社会科学出版社,NULL,2010-6,390,36.00元,平装,9787500484943,0.0,10,NULL,"《鲁迅诗歌:编年译释》内容简介：从20世纪初年起，至鲁迅逝世的1936年10月，鲁迅不时有诗作问世，骚体的、古体的、新体自由式的、民歌体的、绝句及律诗等，但是当年很少发表，大多系后人发现，后人提供，或者从鲁迅日记中抄录。其中难免杂有他人的伪作，这是必须首先辨识的。对于《惜花四律》，我作了考辨，认为不是鲁迅所作，其作者应为鲁迅老弟周作人。让我在此录下旧作聊当此本译释的前言。 《惜花四律》有四首律诗，凡32句，收录在《鲁迅全集·集外集拾遗补编》中，有人说周作人仅仅写了八句。鲁迅写了24句。是这样吗？否也。 《惜花四律，步藏春园主人元韵》，简称《惜花四律》，写于1901年。周作人笔记本上录有此诗手稿，为了讨论的方便，我把周作人手迹影印本附在下面。 关于这份手稿有两点要首先说明的。 张菊香、张铁荣合著《周作人年谱》认为此诗是周作人抄录在自己的日记上面的，时在...(展开全部)",鲁迅
86,恐怖宠物店（10）,"[日] 秋乃茉莉",哈尔滨出版社,NULL,2004-5,208,12.00元,平装,9787806991992,8.9,13776,NULL,"《恐怖宠物店》是秋乃的成名作。故事讲述了在美国的中华街上有一家神秘的宠物商店，它引起了当地警察雷恩的警惕心，因为有许多离奇死亡案的被害人都是这间店的客人。身手敏捷但头脑多少有点单纯的雷恩决定要深入虎穴挖出那家宠物店主人，人称D伯爵的狐狸尾巴。 和雷恩想象的不同，D伯爵不但并非穷凶急恶之辈，而且人长的娇艳美丽貌比潘安。平时虽然有许多神秘的地方而且有非常机智，但是一看见甜食便两眼心心没有抵抗能力了？这样，象是个黑社会的人吗？不过雷恩总是很固执于自己的直觉，一方面抵抗着D伯爵对他的“诱惑”一方面干涉一件又一件的动物买卖寻找线索。可是仍然一头雾水，而且还不由自主的和D伯爵越来越亲近，在次期间，他的确发现了许多奇怪的事情，千奇百怪的动物和千奇百怪的人，有花妖，有吸血鬼，有无法解脱的自责，有难以到手的梦想，有突然的死亡，有奇怪的恋爱，有暗杀，有绑架……最后所有的...(展开全部)",漫画
87,偶像,弗・福赛斯,珠海出版社,NULL,2001-9,470,22.00元,平装(无盘),9787806078167,8.3,94,NULL,《偶像》内容简介：毫无疑问，这是他（福赛斯）的最佳作品之一。在俄罗斯总统逝世的当晚，一位老清洁工在最有可能成为下届总统的极端右翼党派爱国武装联盟领神科马罗夫的办公室里窃取了一份文件。这份记录了科马罗夫的法西斯疯狂野心份记录了科马罗夫的法西斯疯狂野心的“黑色宣言”最终落入了英国情报人员的手中。二是，一声惊心动魄的国际间谍战拉开了序幕……,悬疑
88,象厂喜剧,"[日] 村上春树 文",上海译文出版社,NULL,2002-4,89,18.00元,平装,9787532728916,7.3,1502,NULL,《象厂喜剧》这本书是作家村上春树和画家西安水丸的第一次合作。书中的《镜中的火烧云》，插图竟然是水瓶和水杯，而《双胞胎镇的双胞胎大会》，插图竟然是飞机和汽车。双方随随便便地一凑，便有了这本漂亮的超短篇小说集。,村上春树
89,见证与愉悦,"[美]布罗茨基 等",不详,NULL,不详,300,18.00,平装,9787530628874,9.4,27,NULL,暂无简介,诗歌
90,"那夜凌晨，我坐上了旺角開往大埔的紅VAN (下)",Pizza,"有種文化@Sun Effort",NULL,不详,416,"HKD 88.00",平装,9789881609458,6.6,382,NULL,"●高登人氣網路 & 太陽報副刊專欄作家Pizza首部長篇科幻小說登場！ ●小說於網路連載半年，Facebook 專頁超過40,000 Fans！！網上點撃率逾 200萬次！ ●高登廣東話文學作品，香港新派小說！！！ ●上冊剛推出一個月內，售出超過10,000本！ 下冊 故事講述主角游梓池坐上凌晨時分的紅van回大埔，紅van穿越獅子山隧道後，彷彿進入另一個世界，整個香港空除了我們十七個外就無一人，究竟發生甚麼事…… 奇怪的是，就我們肉眼所見， 當我們乘搭的這台通宵小巴， 如常從旺角道出發， 以大埔太和為終點， 穿越獅子山隧道後， 地球上其餘的７０億人口， 竟於一瞬間全然消失。 一台小巴，１７個乘客， 隧道過後，我們成了人類文明的最後１７人。 究竟，發生了甚麼事？ 我的名字叫游梓池，２６歲， 那夜凌晨，我坐上了旺角開往大埔的紅van。 作者簡介： Pi...(展开全部)",科幻
91,樂園（上）,宮部美幸,獨步文化,NULL,2009年1月6日,300,NTD380元,平裝,9789866562129,8.5,53,NULL,"困頓人世中，只要還有一點溫暖，就是樂園存在的地方。 我願排除萬惡，只為給你一座樂園，那怕只是一瞬間。 為了得到幸福，誰有權決定誰來付出，誰來犧牲？ 動手弒女的兇手，也可以是保護愛女的慈愛父母？ 所謂家人，就是要概括承受對方的一切惡行嗎？ 當傷害、破壞、憎恨，即將毀損凡人一方小小的樂土時，我們如何做出選擇？ 《模仿犯》記者前畑滋子，沉寂九年之後，再度出手揭開人性封印！ 日本國民作家宮部美幸出道二十周年回歸自我的溫柔鉅獻！ 歷經慘絕人寰、震驚社會的「模仿犯」事件之後，長達九年的時間裡，記者前畑滋子一直活在無止境的的衝擊和陰影之中，無法面對自己，和工作。某日，一名剛遭受喪子之痛的母親萩谷敏子，帶著獨子阿等生前所繪的遺作現身眼前，再度燃起她想追求真相的欲望！ 失蹤的少女為何陳屍在自家的地板之下？ 因特殊能力而屢受老師和同學排擠欺凌的少年，為何慘遭事故？ 從某...(展开全部)",推理
92,飓光志第一卷：王者之路（全三册）,(美)布兰登·桑德森,重庆大学出版社,NULL,2013-7,1270,128.00元,平装,9787562474999,9.3,273,NULL,"《王者之路》发生在“柔刹”世界，这里终年暴风肆虐，动植物因此进化出特异形态，如植物长有如石头般坚硬的外壳，会缩入壳内躲避风暴，动物则身披坚硬的甲胄。 上古时期，人类被名曰“虚渡”的邪恶生物逐出“宁静园”，驱赶到“柔刹”，虚渡还企图把人类进一步驱逐到“诅咒之地”。为了帮助人类，人类的创造者“全能之主”将“荣刃”和强大法力赐予十位“令使”，令其立下“约誓”，率领十大“光辉骑士团”，对抗“灭世”之灾。 然而在无尽战火的煎熬中，十个令使中有九个决定放弃约誓，抛下人类。几千年后，上古的灾祸已成为真假莫辨的传说，失去令使和光辉骑士保护的人类耽于内斗和享乐，却不知灾祸之源就在身边，“终极灭世”正渐渐逼近…… 一位武技绝佳、却因卑鄙的陷害沦为奴隶的勇士、一位心怀悲悯却被迫杀人的刺客、一位昔日英雄无敌如今却战意全消的将军和一位伪装成学者的女窃贼。他们中谁会蜕变为拯救苍...(展开全部)",奇幻
93,大灰狼罗克全传,郑渊洁,学苑出版社,NULL,2002-2-1,1040,68.0,精装(无盘),9787507719291,8.7,211,NULL,莫逆之交：一天，罗克骑摩托车去郊外兜风。罗克喜欢驾驶摩托车，他向往那种风驰电掣。罗克发现前方出现了弯道，他开始减速。罗克看见路边有个身影。是一只兔子，好像挺痛苦。罗克停车，他问兔子：“你怎么啦？”兔子肚子正疼得厉害，他终于盼来了过路人。兔子抬头一看，吓坏了，一只单脚支地跨在摩托车上的狼在等他回答。“我……肚子……疼……”兔子不敢不回答。罗克：“我送你去医院！”免子不敢答应。“不去拉倒！”罗克看出兔子不相信他。罗克挂挡起步。开出没几步，罗克操纵摩托车来了个180度转弯，又回到兔子身边。……,童话
94,中國萌芽木刻集（全二冊）,"
",福建教育出版社,NULL,1999-09-01,300,680.00元,綫裝,9787533428686,0.0,10,NULL,"影印暨膠印本。 第一册收录作品有：罗清桢10幅、郑野夫1幅、何白涛11幅、陈铁耕4幅、陈烟桥4幅、刘峴1幅、张望2幅、张慧1幅、李桦8幅。 第二册收录作品有：金肇野、张慧、何白涛、赖少麒（多幅）、张影（多幅）、段干青（多幅）、李桦、陈烟桥（多幅）、唐英伟、曹白、力群、刘峴。",鲁迅
95,出发吧!和爸妈一起!,高木直子,浙江人民美术出版社,NULL,2015-12-20,128,"CNY 30.00",平装,9787534046575,8.6,253,NULL,暂无简介,绘本
96,独药师,张炜,人民文学出版社,NULL,2016-5,382,36.00元,平装,9787020115228,6.5,99,NULL,"半岛养生秘术与革命史料首次披露，历史猛料与叙事陷阱暗合交错。这是张炜自《古船》《九月寓言》《刺猬歌》以来最具代表性的作品。 19世纪末至20世纪初，中国正经历“数千年来未有之变局”。基督教登陆东部半岛，教会学校及西医院初步兴起。半岛地区首富和养生世家的季府面临空前挑战。与此同时，因与北方革命党统领的密切关系，季府被卷入一场场起义的鏖战之中。季府主人、“独药师”第六代传人季昨非陷入与养生前辈的对峙纠缠、与西医丽人的缠绵悱恻、与兄长至亲的生死诀别……在长生、爱欲、革命之间，这个曾经清闲无为，作风虚浮的少爷能否接过传承百年的衣钵，守护日渐式微的季氏家业？他在革命的召唤中又该何去何从？ 这果然是信息量极大又非常好看的一部奇书。然而，如何概括和把握这部新作呢？一部风云激荡的革命传奇？一部深藏幽僻的养生秘史？还是一部缠绵悱恻的爱情悲喜剧？作品在波澜壮阔的背景下展...(展开全部)",当代文学
97,極上親父,"松 武",古川書房,NULL,2008/05,300,"JPY 920",コミック,9784892364075,7.9,51,NULL,暂无简介,漫画
98,弁而釵,(明)醉西湖新月主人,基本書坊,NULL,2008年9月15日,236頁,39.90元,平装,9789868460515,7.5,264,NULL,"震古鑠今的男情真愛，興味盎然的情慾交纏 明末三大男色經典，唯一「終成眷屬」作！ 從來沒有一部章回小說像《弁而釵》，大方肯定、頌揚男男之戀，主角個個勇於追求真愛，且結局皆大歡喜、幸福圓滿。 本書原刊於男風大盛的明末崇禎年間，由〈情貞紀〉、〈情俠紀〉、〈情烈紀〉、〈情奇紀〉 等四篇故事，共二十回所組成，作者署名「醉西湖心月主人」，真實身分已不可考。四篇故事中，主角皆是情感堅貞、一身俠烈的奇男子，在機緣湊巧下發生了妙不可言的同性體驗，卻能「始以情合，終以情全」，以秀好之色和高潔品格，與愛侶終身為伴。既是最解情的知己男友、也是床第間最得趣的情夫。 〈情貞紀〉的趙王孫，向來守身如玉卻被翰林風翔假扮的同學用計開苞，兩人日夜形影不離、遂成莫逆之交。雖因韻事敗露而兩人被迫分開，已高考重舉、位居高官的趙王孫卻在風翔遭判斬刑時，獨排眾議、大膽伸冤才免於一死，從此兩人棄官...(展开全部)",古典文学
99,余韵,张爱玲,花城出版社,NULL,1997-3,197,8.2,平装,9787536023970,8.0,385,NULL,"张爱玲的一生是传奇，张爱玲的魅惑如流言。自出道后，盛名至今不减，“张迷”遍布全球。古人云：传奇者，因奇而传。事，无奇不传。 对于传奇，张爱玲有自己的说法：书名则传奇，目的是在传奇里面寻找普遍人，在普遍人里寻找传奇。其实，传奇无需寻找，张爱玲其文其事便是了。都市千般繁华下的满目苍凉，温柔富贵中的凄情哀婉，张爱玲的笔宛若金针，貌似漫不经心地描龙绣凤，实际上却将字字句句都刺在了你的心上。 　本书收录了《小艾》、《我看苏青》、《华丽缘》等文章。",张爱玲
100,双阙,海青拿天鹅,中国画报出版社,NULL,2009-1,322,29.80元,平装,9787538725407,7.5,2211,NULL,"姮的灵魂穿越到三千年前的周朝，成为杞国国君的女儿。 她随着兄长觪出门游历，在雒水边邂逅了风采翩翩的晋侯燮父，二人两情相悦，却因姮不能接受西周的媵妾制度，不能共结连理。同时，与杞国同宗的太后王姒惊异于姮的美貌，想将她献给周王。觪的好友姬舆一直爱慕妲，为救她出困境，抢先一步在众人面前向姬求爱，并与她定下了婚约…… 姮爱的燮父，爱姮的姬舆，虎视眈眈的太后，以及各国间盘根错节的交好和亲……姮的美貌终究会为她赢得幸福还是带来祸患？穿越三千年的时空终将与谁执手……双阙将见证这段刻骨铭心的爱恋。",言情
101,荒原,T·S艾略特,北京燕山出版社,NULL,2008年,"241 页",15.0,胶版纸,9787540217952,8.8,1094,NULL,"《荒原》主要反映了第一次世界大战后西方普遍悲观失望的情绪和精神的贫困以及宗教信仰的淡薄而导致西方文明的衰微。诗人笔下的“荒原”满目荒凉：土地龟裂，石块发红，树木枯萎，而荒原人精神恍惚，死气沉沉。上帝上人、人与人之间失去了爱的联系。他们相互隔膜，难以交流思想感情，虽然不乏动物式的性爱。他们处于外部世界荒芜、内心世界空虚的荒废境地。“荒原”的荒是水荒，然而只听雷声响，不见雨下来，更增添了人们内心的焦急。雨水成了荒原的第一需求，诗人通过雷声暗示了只有精神甘露（皈依宗教，信仰上帝）才能使荒原人得救。 诗人利用神话传说，作为对现实生活观照，在《荒原》里没有完整的叙述，而是通过迂回曲折的隐喻，影射西方现代文明的堕落和精神生活的枯竭，这就增加了对这些典故不太熟悉的读者的解读困难，也是诗人自己承认的晦涩。当然利用神话建立人类不分时间空间的宇宙意识，随意地对现代荒原上...(展开全部)",外国文学
102,"The World of Yesterday","Stefan Zweig","University of Nebraska Press",NULL,1943,461,19.95,Paperback,9780803252240,9.1,39,NULL,"An autobiography by Stefan Zweig.",茨威格
103,魔鬼的颤音,由·得林洛斯,二十一世纪,NULL,2007.10,252,22.80元,平装,9787539138237,8.3,326,NULL,"你被命运一起嘲弄，渴望用一切换取荣光。你被爱欲反复煎熬，渴望用生命换取她的回眸。你被憎恨噬咬内心，渴望用灵魂换取轮回的公平… … 播下的果实在你不经意的时候开出了令人战花朵，毫无防备遇上了另一张相同的面孔，颓磨的狂欢被急剧的小提琴颤音中断，担当审判的并非神，而是象征黑暗的魔鬼…… 这是一部非主流本土文化的悬疑推理书籍，它具备清晰的逻辑思维，令人惊叹的想象力。故事情节曲折，一定会备受广大读者的欢迎。 本书附赠魔鬼的颤音海报一张，卡片四张。敬请广大消费者们的欣赏阅读。",悬疑
104,村上春树美食厨房,村上春树美食书友会,中国轻工业出版社,NULL,2004-03-01,120,20.00,BBC书籍,9787501942657,7.2,239,NULL,"如同“胃是通向爱人之心的捷径”，这一次，请用绽放的味蕾，体味接触村上春树最感性的方式。     喜爱村上春树的书迷们，绝不会错过这一场以最私人化的感性方式，接触到心仪作家内心最本质部分的华丽盛宴！     这既是一本完全村上风格的随笔，又是一本不折不扣的标准食谱，糅合了村上春树令人着魔的文字魅力与极具作家私人偏好的美食诱惑，从希腊到意大利，从露天市场到晨曦中的渔港，请追随作家在声色香浓的欧洲，",村上春树
105,魯迅留學日本史,程麻,陝西人民出版社,NULL,1985-7,383,2.65,平装,9999999999999,0.0,10,NULL,暂无简介,鲁迅
106,退步集续编,陈丹青,广西师范大学出版社,NULL,2007-4,401,36.00元,平装,9787563365333,8.2,5219,NULL,这本书是《退步集》之后陈丹青的又一部杂文集。由近两年陈丹青所撰杂文、演讲、访谈汇编而成，内容涵盖绘画、艺术教育、城市文化诸领域，亦收录陈丹青论鲁迅及木心的文章数篇。,随笔
107,跨越三维空间,孙维梓,上海科技教育出版社,NULL,1997,321,11.80,32开,9787542813473,8.6,84,NULL,"一个数学家发现了一个有五个民族居住的小岛，五个地区居然互 相交界，这与著名的四色定理矛盾！数学家为了捍卫四色定理，居然要给整 个岛涂上颜色。而涂岛的结果，你能猜得到吗？（《涂岛》） 还有：一位建筑师在好莱坞造出了一栋四维的楼房。在这栋楼房里探险， 会发生什么样的怪事呢？（《怪宅》） 再看：人类最后的魔术师是怎么在既爱他，又恨他的火星姑娘的眼皮底 下，陷到克莱茵瓶里进退不得的。（《魔术师之死》） 你知道华尔兹舞曲是怎么来的吗？请看使用三进制体系的外星人是如何 “误导”华尔兹舞曲之王施特劳斯的吧。（《“三，三、三”》） 还有很多……",科幻
108,人间,李锐,长江文艺出版社,NULL,2011-5,228,26.80元,平装,9787535450586,8.5,2650,NULL,雷峰塔倒掉的那个时刻，杭州城里只有一个女婴诞生。那就是“我”。多年后因缘际会，“我”竟然读到了雷峰塔地宫里的《法海札记》。千年的传说影影绰绰，洞照了身份认同的巨大困境和人性的惨烈。扑蛇人的笛声，引逗小小的粉孩儿快乐的扭动，白娘子和许宣的隐士身份被人窥破，在人蛇大战及瘟疫中，白娘子舍身救人，却仍旧遭致以正义之名进行的卑鄙杀戮。她和小青以死博得法海的恻隐，许宣和儿子粉孩儿亡命天涯。粉孩儿孤独地隐忍自己的天性，他和残疾的只能笑脸面对世人的女孩香柳娘，刻骨铭心地相爱却仍然不能避免女孩的香消玉殒。粉孩儿高中状元后追踪得知了一切真相，再也不愿做这人世的官，和老父流落江湖。“我”把一棵将死的梅树移植到院中，当“我”被爱情出卖遭遇苦难的时刻，梅花尽红，纷纷洒落，“我”终于认出，它才是我此生的亲人——许宣。小说以三重视角，讲述白娘子的前世今生，是对《白蛇传》的颠覆和重...(展开全部),中国文学
109,安娜·布兰迪亚娜诗选,"[罗] 安娜·布兰迪亚娜",河北教育出版社,NULL,2004-1,244,13.20元,平装,9787543452411,8.3,135,NULL,暂无简介,诗歌
110,挪威的森林,"[日] 村上春树",上海译文出版社,NULL,2001-2,350,18.80元,平装,9787532725694,8.0,179837,NULL,这是一部动人心弦的、平缓舒雅的、略带感伤的恋爱小说。小说主人公渡边以第一人称展开他同两个女孩间的爱情纠葛。渡边的第一个恋人直子原是他高中要好同学木月的女友，后来木月自杀了。一年后渡边同直子不期而遇并开始交往。此时的直子已变得娴静腼腆，美丽晶莹的眸子里不时掠过一丝难以捕捉的阴翳。两人只是日复一日地在落叶飘零的东京街头漫无目标地或前或后或并肩行走不止。直子20岁生日的晚上两人发生了性关系，不料第二天直子便不知去向。几个月后直子来信说她住进一家远在深山里的精神疗养院。渡边前去探望时发现直子开始带有成熟女性的丰腴与娇美。晚间两人虽同处一室，但渡边约束了自己，分手前表示永远等待直子。返校不久，由于一次偶然相遇，渡边开始与低年级的绿子交往。绿子同内向的直子截然相反，“简直就像迎着春天的晨光蹦跳到世界上来的一头小鹿”。这期间，渡边内心十分苦闷彷徨。一方面念念不忘直...(展开全部),小说
111,刺青时代,苏童,上海文艺出版社,NULL,2004-08,190,16.00,平装,9787532127238,8.3,2209,NULL,"本书精彩片段： 男孩小拐出生于一月之夜，恰逢大雪初歇的日子，北风吹响了屋檐下的冰凌，香椿树街 的石板路上泥泞难行，与街平行的那条护城河则结满了厚厚的冰层。小拐的母亲不知道她的 漫长的孕期即将结束，她在闹钟的尖叫声中醒来，准备去化工厂上夜班。临河的屋子里一片 黑暗，拐的母亲在黑暗中摸索了一会儿，提起竹蓝打开了面向大街的门。街上的的积雪已经 结成了苍白的冰碴，除了几盏暗淡的路灯，街上空无一人。小拐的母亲想在雨鞋上绑两道麻 绳以防路滑摔跤，但她无法弯下腰来，小拐的母亲就回到屋里去推床上的男人，她想让他帮 忙系那些麻绳。男人却依然呼呼大睡着，怎么也弄不醒。小拐的母亲突然着急起来，她怕是 要迟到了。她对着床上的男人低低咒骂了几声，决定抄近路去化工厂上班。 小拐的母亲选择从结冰的河上通过，因为河的对岸就是那家生产樟脑和油脂的化工厂。 她打开了平时锁闭的临河的后门...(展开全部)",当代文学
112,与魔搏斗的人,茨威格,安徽文艺出版社,NULL,2000-08-01,239,12.0,平装,9787539619286,8.2,14,NULL,"在《与魔搏斗的人：荷尔德林、克莱斯特、尼采》这部作品里又像以前的三部曲《三大师》中一样描绘了三个文学大师的形象，他们因其内在的共同性相聚在一起。荷尔德林、克莱斯特和尼采这三个英雄式的人物单从表面的人生际遇来看就有一个明显的相似之处：他们处在同一个星象之下。他们三个都是被 一个无比强大的，在某种程度上几乎是超自然的力量从他们本来温暖的存在中驱赶到一个毁灭性的激情的热带气旋之中，并终因可怕的精神障碍，致命的知觉迷乱，疯狂或自杀而早夭。",茨威格
113,神探李昌钰,李昌钰,海天出版社,NULL,2000-9-1,301,20.00元,平装,9787806542378,7.7,156,NULL,辛普森杀妻、肯尼迪家族事件……数件难以定罪的神秘凶杀案，本书将为你一一道来。以精湛独到的刑侦鉴识技术享誉国际的李昌钰博士，曾在美国各州及全球其他十七个国家参与调查了六千多起重大刑案。在书中李博士叙述了许多实际侦办案件的技巧与方法，彰显科学办案的魅力和重要性。,推理
114,鲁迅散文诗歌精选集,鲁迅,北京联合出版公司,NULL,2015-1-1,216,25.00,平装,9787550241084,0.0,10,NULL,《鲁迅散文诗歌精选集》收录散文集《朝花夕拾》，散文诗集《野草》的全部作品，并精选了鲁迅的新体诗和旧体诗。其中《朝花夕拾》是鲁迅唯一一部回忆性散文集，主要写了他回忆童年、少年、青年时期的人和事，充满诗情画意。《野草》是鲁迅唯一一部散文诗集，包含了鲁迅的全部哲学。鲁迅之于诗，属业余偶作，但他的诗歌恰当而精彩地表达了自我意识，他的价值观和思想趣味。其中“寄意寒星荃不察，我以我血荐轩辕”等佳句现在依然被人传诵称道。,鲁迅
115,呐喊红宝石,莎朗·克里奇,新蕾,NULL,2007-1,224,16.00元,平装,9787530739501,8.5,51,NULL,"《国际大奖小说:呐喊红宝石》故事主要内容是，双胞胎达斯和佛罗里达是孤儿院中最令人头痛的孩子，因此经常在收养家庭和孤儿院之间进进出出。有的人领养他们是觉得自己充满爱心，但却在三天之后就不耐烦地“退货”了；也有的人纯粹就是为了省下雇工的酬劳，狠心地压榨这两个孩子。长此以往，双胞胎失去了对大人的信赖，梦想着逃出这犹如监牢的地方。 　　谛乐和赛蕊的出现，让愤世嫉俗的佛罗里达在经历了一场生死之后，学会了如何去爱别人，更让那个整天做白日梦的达拉斯学会了要面对现实。",童话
116,猩球崛起：黎明之战,（美）艾力克斯·欧文,新星出版社,NULL,2014-8-15,316,32.00,平装,9787513315814,7.4,49,NULL,"同名好莱坞电影同步上映！ 美国电影巨头二十世纪福斯影业暑期巨献 2014年8月29日，猩球决战！ 好莱坞科幻巨作赞誉归来 官方小说同步震撼上市 人类文明社会的末日，猿族社会崛起的黎明 当共存成为奢望，当恐惧占据内心 决定地球统治者的战争大戏，就此拉开帷幕！ 随书附赠官方正版剧照明信片套装及正版书签！ 在凯撒的领导下，经过遗传变异的猿类组建起一个逐渐壮大的部落。而现在，这个部落遇到了威胁——一小群人类从十年前那场毁灭性的病毒泄漏中幸存了下来。 同样具有智慧的人和猿达成了脆弱的和平，但事实证明，和平是短暂的，人与猿两个种族很快就滑到了战争边缘。 这是一场将决定地球统治权归属的战争……",科幻
117,"临界·爵迹 Ⅱ",郭敬明,长江文艺出版社,NULL,2011-1,240,22.80元,平装,9787535445568,7.3,7198,NULL,"传说中的奥汀大陆分为东南西北四国，在这个世界中，充斥着神秘莫测的魂术，弥漫着权力和欲望的激烈争夺。这四个国家中，最强等级的魂术师被称为【王爵】，每个国家的【王爵】各有七位，他们代表着整个国家最巅峰的力量。本书宏大而复杂的故事，就开始于四国中的西之亚斯蓝帝国。 生性单纯而憨厚的平民少年麒零，无意中卷入了这场帝国间的斗争。从未接受过魂术训练的他，却被选为第七王爵的【使徒】，从此跟随他的【王爵】出生入死。那些曾经只存在于人们想象中的强大魂术，开始不断出现在麒零眼前;那些帝国统治者之间的恩怨纠葛，也渐渐显现了真相的影踪。 究竟【王爵】们巨大而恐怖的力量由何而来?传说中至高无上的【白银祭司】又掌握着怎样的真相?跟随这个叫做麒零的少年，开始这场关于元素与灵魂力量的盛大冒险。",奇幻
118,张爱玲的广告世界,魏可风,文汇出版社,NULL,2003-09,181,13.00,平装,9787806763452,6.9,126,NULL,"作者魏可风拂去时光的尘埃，擦亮历史的玻璃，透过一幅幅张爱玲时代的广告画面，让读者""在老上海的广告世界里""闻阵阵的仙乐，嗅咖啡的幽香，望张爱玲爱吃的冰淇淋大咽涎水，看时髦性感的玻璃丝袜让人想入非非。",张爱玲
119,一个人的美食跑跑跑,"[日] 高木直子",湖南美术出版社,NULL,2013-11-1,215,"CNY 28.00",平装,9787535666031,8.5,558,NULL,"《一个人的美食跑跑跑》是近日风靡中国的超人气绘本天后高木直子全新绘本，由天闻角川引进，11月5日发行上市。这次高木直子将对美食的执着，对运动的热爱化作质朴的文字，以幽默的画风，展现日本最具特色的地方马拉松之旅。讲述她在马拉松过程中，结识新朋友，感受人间温情，尝尽特色美食，品味特色文化的治愈故事。阅读她的绘本，依然能从简单的线条和朴实的文职中感受一抹浓浓的日式治愈。从广阔无垠的北海道平原到海波荡漾的冲绳小岛,从热情洋溢的都会名城到宁静写意的自然乡村。带着一张嘴，一双脚，带上一颗追求美食、感受人情的心，高木直子与你一同踏上品味日本最具特色的地方风情之旅。结识当地新朋友，充满活力的奥川健康马拉松在河中全力奔跑？自然景色满当当的水上马拉松。北海道大胃王称霸！别具一格的咖喱马拉松，暖暖灯光照夜道～温馨的冲绳之旅感动落泪！美食追逐不停息！我来啦，天下的厨房——大...(展开全部)",绘本
120,"罗小黑战记 01",MTJJ,北京联合出版社,NULL,2015-8-1,224,39.80,平装,9787550255999,9.0,286,NULL,"划时代的国民级动画！亡命天涯，卖萌为生，中国独立动画制作人MTJJ诚意出品！ 雨夜，一只流落街头的小黑猫，被少女罗小白带回家，起名罗小黑。罗小黑不是一只普通的猫咪，它极通人性，会蹲马桶，不吃猫粮，长长的尾巴甚至能分裂成多个名为“黑咻”的生物体。另一方面，名为“谛听”的神秘人物，发动手下三匹长着翅膀的狼，搜寻着罗小黑的下落。不久，罗小白带着小黑到乡 下探望堂哥阿根和爷爷，由此发生了种种离奇玄幻事件。",漫画
121,萎靡不振,顾前,海天出版社,NULL,1999-04,291,15.00,平装,9787806159675,8.5,54,NULL,"《萎靡不振》通过描述一些平凡卑微的小人物，反映了现代知识分 于在日益膨胀的物欲面前无所适从的精神状态。同时也描绘了现代人在没 有信仰的失重状态下所产生的心理及行为，强调了以理性思维为基础的人 类中心说和各种文化中心说的湮灭。",中国文学
122,长生殿（插图版）,洪昇,人民文学出版社,NULL,2005-05,232,15.00,平装,9787020051830,8.5,509,NULL,"《长生殿》是洪升戏曲创作的代表作，取白居易《长恨歌》中的“七月七日长生殿”诗句作为剧本题目。剧本写唐明皇宠爱贵妃杨玉环，终日与杨贵妃游宴玩乐，不理朝政，朝中大权由杨贵妃的哥哥杨国忠把持。七月七日，杨贵妃与唐明皇在长生殿上情意绵绵，盟誓世世代代结为夫妻。不久，安禄山因与杨国忠争权，发兵叛乱。唐明皇带杨贵妃逃离长安，官军将杨国忠杀死，又逼唐明皇将杨贵妃缢死。安禄山叛乱平息后，唐明皇日夜思念杨贵妃。后来，道士杨通幽运用法术架起一座仙桥，让明皇飞升到月宫，与杨贵妃相会，实现了他们在长生殿上立下的“生生死死共为夫妻”的盟誓。 《长生殿》的思想内容相当复杂，它一方面颂扬了唐明皇、杨贵妃的生死不渝的爱情，一方面又联系了“安史之乱”前后广阔的社会背景，批判了统治阶级荒淫误国、祸害人民的罪恶，抒发出国破家亡的感慨。剧本艺术表现细腻而带有浓厚的抒情色彩。作者善于用优美流...(展开全部)",古典文学
123,奥丽芙·基特里奇,(美)伊丽莎白·斯特劳特,南海出版公司,NULL,2011-9-1,296,29.50元,平装,9787544255288,8.9,777,NULL,"《大方》创刊号口碑佳作《药店》全本 一部易读而难忘的大师级杰作 关于孤独 关于悲伤 关于爱 荣获美国文学最高荣誉普利策小说奖 《今日美国》《华盛顿邮报》《华尔街日报》等多家媒体“年度好书” 海岸，平静的克劳斯比小镇，脾气暴躁的奥丽芙·基特里奇有一个“好好先生”式的丈夫和一个与她日渐疏远的儿子，生活看上去水波不兴，却有股股暗流涌动。 在镇上，奥丽芙也有意无意地充当了其他人生命中的过客：一个想自杀的忧郁青年，一个患上厌食症的年轻女孩，一个数年如一日在酒吧弹琴的未嫁女子……这些怀着饥饿、揣着梦想的人们，在欲望与寂寥之间挣扎徘徊。她冷眼看待这个世界，也分外清醒地咀嚼着人生的孤独和难堪。 作者以极富张力的笔触探索了作为生命底色的种种矛盾与悲哀，却也揭示了人生中毕竟抹不去的温柔与希望。 行文雅致，不断累积的情感深具震撼力，女主人公奥丽芙直率、有缺点但十分迷人。—...(展开全部)",外国文学
124,KAO，被潜了！,金刚芭比,中国画报出版社,NULL,2009-7,343,24.80元,平装,9787802205482,7.3,7535,NULL,"夏沫和洛熙的爱情让我们叹息（《泡沫之夏》明晓溪），“玉面小飞龙”郑微和陈孝正的结局让我们伤感青春的逝去，（《致我们终将逝去的青春》辛夷坞），尤佳期和阮正东的过往赚走了我们的眼泪（《佳期如梦》匪我思存），芦苇微微和一笑奈何大神的相处让人感叹于“大神”的强大（《微微一笑很倾城》顾漫）…… 可是没有谁的爱情像秦卿与宋子言这样让人爆笑不已，能深刻体会到“爱情潜规则”的甜蜜、温馨。与美丽无缘、与性感无份的大四女生秦卿因为选修课不及格，想出了“向老师表白”的馊招，可作为校园偶像的宋子言居然答应交往。猥琐、狗腿的秦卿与儒雅、腹黑的宋江子言的相处惹出了一连串的笑话：迎新酒会、青岛一夜、六级考试…… ● 编辑推荐 △男潜女，不新鲜！最匪夷所思的“潜规则”操作指南 △看小白女如何潜倒腹黑男 △一个是小白猥亵女，一个是腹黑男上司 当他的爱情遭遇她的“潜规则”  最“大神”...(展开全部)",言情
125,鲁迅小说经典,鲁迅,不详,NULL,2011-10,364,35.00元,平装,9787539166094,0.0,10,NULL,"张疏影编选的《鲁迅小说经典》选收了鲁迅先生的全部小说创作，其中短篇小说32篇，中篇小说1篇。它们分别选自《呐喊》《彷徨》和《故事新编》。     为了帮助青少年读者更准确地理解现代文学经典名著，编选者对原著中生僻的字和词做了必要的注释，并在每篇小说后附有简短的解读评点。相信读者朋友翻开《鲁迅小说经典》的同时，一定会体验到高效通畅的阅读快感。",鲁迅
126,非常嫌疑,莉萨•巴兰泰尼,译林出版社,NULL,2013-4,364,35.00元,平装,9787544736589,8.7,44,NULL,"一个八岁的小男孩被发现死在了公园里。 丹尼尔·亨特是伦敦一名专门为青少年犯罪案件辩护的律师。当他遇到塞巴斯蒂安——被指控为杀人凶手的十一岁少年后，他的生活就被完全颠覆了。 塞巴斯蒂安是凶手，还是因社会偏见而被诬蔑的孩子？ 他试图深入塞巴斯蒂安混乱不堪的家庭生活时，突然想起了已经和自己断绝关系的养母明妮——曾经用爱和关怀拯救了他，却在最后因某些原因背叛他的女人。 丹尼尔帮塞巴斯蒂安辩护时看到了自己儿时的影子，也让他重新审视，背叛的背后，究竟是爱，还是罪。[内容简介]",悬疑
127,三人书简,高尔基、罗曼罗兰、茨威格,湖南人民出版社,NULL,1980-8,358,0.98元,平装,9999999999999,8.4,25,NULL,高尔基、罗曼罗兰、茨威格书集集。臧乐安、范信龙、井勤荪翻译，附有高尔基《初恋》《单恋》、茨威格《月光小巷》《一个陌生女人的来信》,茨威格
128,为了灵魂的自由,林少华,中国友谊出版公司,NULL,2009年12月第一版,316,32.00,平装,9787505726468,7.8,317,NULL,"日本文学翻译巨匠林少华品评村上春树的唯一专著！ 首次最细致、最深刻地揭秘村上春树的文学世界！ 灵魂的自由是村上春树始终不懈的精神追求，也是本书贯彻始终的主调。 作者林少华，从1989年翻译《挪威的森林》开始，浸淫村上文字已达20年之久。他总共翻译了村上38部作品，是中国翻译村上作品最多、也是最受欢迎的作家之一。本书除了品评村上每篇作品所蕴含的艺术特征、心灵信息和精神趋向外，还连续提取了其较为典型的生活细节和创作思想的变化轨迹。纵向读之，未尝不可视为村上传略和创作谱系；横向读之，又是相对独立的文本解读或作品各论。 语言动人心弦、平缓舒雅；既有深到作品灵魂的剖析，又有浅到表面词句的锤炼。是一本自开始阅读瞬间就能让人忘却现实时间、不忍释手的评论词话。",村上春树
129,枯草上的盐,朱朱,人民文学出版社,NULL,2000-09,187,14.00,平装,9787020033102,8.6,58,NULL,编辑推荐：本书是中国当代诗歌作品集。全书由二部分组成，分别收录了《曼陀罗河》、《为一首长诗所作的晚祷》、《蚂蚁》、《我梦见一头狮子的相互撕咬》、《过去生活的片断》、《颤栗者》、《扬州郊外的黄昏》、《最后一站》、《窗口》、《凝望》等64首诗歌作品。从书中读者可以了解到作者朱朱的写作风貌和风格。,诗歌
130,迷雾蒙蒙/翡翠森林狼和羊第2册,木村裕一/作,万卷出版公司,NULL,2009-1,100,25.00元,精装,9787807595458,8.8,92,NULL,著名儿童文学作家、评论家。译作有《遭遇异人的夏天》、《安房直子幻想小说文集》、《花香小镇》等。另外，还创作有长篇幻想小说《与幽灵擦肩而过》、《半夜别开窗》、《怪物也疯狂》等。,童话
131,伏羲伏羲,刘恒,作家出版社,NULL,1992-10-1,514,8.55,平装,9787506306041,7.9,319,NULL,"刘恒的中篇小说《伏羲伏羲》，如果借用弗洛伊德的精神分析法，它凸显的是两代人明显的“俄狄浦斯情结”。刘恒将西来的“恋母情结”作了一番改造，使这种以文化和艺术的面目出现的人类集体无意识的情感体验沾染了更多的中国本土化色彩。 本书收有作者10篇小说，其中包括：伏羲伏羲、狗日的粮食、杀、东西南北风等。",当代文学
132,活着,余华,南海出版公司,NULL,1998-5,195,12.00元,平装,9787544210966,9.1,121648,NULL,"地主少爷福贵嗜赌成性，终于赌光了家业一贫如洗，穷困之中的福贵因为母亲生病前去求医，没想到半路上被国民党部队抓了壮丁，后被解放军所俘虏，回到家乡他才知道母亲已经去世，妻子家珍含辛茹苦带大了一双儿女，但女儿不幸变成了聋哑人，儿子机灵活泼…… 然而，真正的悲剧从此才开始渐次上演，每读一页，都让我们止不住泪湿双眼，因为生命里难得的温情将被一次次死亡撕扯得粉碎，只剩得老了的福贵伴随着一头老牛在阳光下回忆。",小说
133,就算天空再深,林夕,广西师范大学出版社,NULL,2010-6,271,27.00元,平装,9787563398775,7.2,3407,NULL,"天空就算再深，看不看得穿那密云，还得看我们的目光，有没有为单向狭隘的视野所蒙蔽。必然要看到乌云开始镀上金边，才算好景，那我们的希望也必然投资于过眼云烟。要懂得欣赏不同的好风景，先由扩阔眼界、跳出画框开始。”——林夕 《就算天空再深》与林夕此前出版的作品迥异，展现的是一个我们不熟知的婉而多讽、嘲喻相间的林夕。如副标题“零八零九无常世”所透露的那样，书中的文章大部分写于零八和零九年。那是名副其实的多事之春夏秋冬，世情总是风起云涌，感受总是大悲大喜。林夕在文章中写雪灾、谈地震、评奶粉、看奥运，鉴台知港，知时论世。原来，紫蓝红与青空蓝天哪个好，取决于我们要不要看。哪怕眉头骤满密云，只要把自身的因缘与外在的世界看得更开阔，就无所谓伤感。",随笔
134,山海经传奇,米问问,青岛出版社,NULL,2016-9-1,560,"CNY 49.80",平装,9787555244707,8.1,31,NULL,"少年艾昆突然拥有一种神奇的能力，他不仅能跟小课桌、小狐狸等说话，还在某一天一下子跳入了《山海经》的奇幻世界。 在奇特的《山海经》世界里，艾昆摇身一变成了央州大陆的天地赤子，从此开始了自己的山海经奇遇记。他先后遇到人面兽身的笑面虎、坏脾气的盅雕、浑身着火的穷奇、会幻术的螺母娘娘、斗恶龙的琥珀蚁王、摄魂魄的蛇妖琴虫儿……由此引发出了一个个妙趣横生、超乎想象的故事。 本书以《山海经》中的“精、怪”为原型，带你重返那个远古奇特的世界，和那些神奇的“古老精怪”一起，领略《山海经》的博大精深、天马行空的想象力及让人惊叹的古老智慧。 这就是传统文化的力量！可能我们年龄不同、环境不同、个性不同，但并不影响我们爱上《山海经传奇》——每个人心中都有一部《山海经传奇》。 此书内文用7张精美大图，细致描绘男孩艾昆的奇特经历，每本书附赠1个书签、1张精美的书夹海报。此书集神秘...(展开全部)",奇幻
135,沉香屑里的旧事,任茹文,团结出版社,NULL,2008-3-1,321,32.80元,平装,9787801308023,7.7,162,NULL,"张爱玲，这个有着“恶俗不堪”的中国女人名字的中国女人，却曾创造了战乱纷纭的中国，可是都没有好收场张爱玲的线尾算不算好收场谁都不能轻易作答。 她创造一个奇异的末世世界，里面有关于家族与民族太多的回忆，像重重叠叠复印的照片，是错综复杂不讲理的过去。家传的首饰，出嫁时的花袄，言说是沧海桑田，浮生若梦的历史谶语；有阴阳交界的过缘上，感受着历史隧道里古墓式的清凉，嘘眯着眼睛看阳光，却走不进这光芒里去。华丽而苍凉的感觉，华丽而衰败的布景，这是挽歌里的末世。 总而言之，张爱玲是文艺园地里一棵枝繁顺茂，摇曳多姿的树，她把枝叶大大地撑开，尽力伸向不可知的远方。",张爱玲
136,"日出処の天子 1","山岸 凉子",白泉社,NULL,1994-3,310,"JPY 607",文庫,9784592880516,9.0,1574,NULL,飛鳥時代、蘇我氏の後継者たる14歳の蘇我毛人（そがのえみし）は、ある日、池のほとりで10歳の少年往年、厩戸王子（うまやどのおうじ）と出会う。毛人と厩戸、ふたりの激動の物語が今始まる。過去一度もコミックスに収録されてこなかった貴重なカラー原稿、予告カット原稿などを完全再現。山岸凉子の最高傑作がついに〈完全版〉として復刻！,漫画
137,解剖,［德］赛巴斯蒂安·菲茨克,华夏出版社,NULL,2015-8,288,28.00元,平装,9787508085081,7.7,82,NULL,"以生命在玩的“寻宝游戏”，引导他最后找到的是真相，还是一具尸体？ 赫兹斐是联邦刑事警察局的首席法医。他一生见过上千具尸体。他很清楚人们可以怎样伤害他人，也亲眼看到结果：赤条条的、苍白的、死亡。每天都在他的解剖台上演。 他只关注尸体本身，而不是灵魂。 直到有一天，他从一具被肢解的女尸头颅里取出一张纸条，上面赫然写着：“汉娜”。他十七岁女儿的名字。 在女儿的语音留言里，他听到一句话：“我很害怕会死掉，爸爸。” 女儿的这句留言让他的解谜与救援之路刻不容缓。 解剖刀起又落，逐渐逼近可怕的真相……",推理
138,隋唐演义,(清)褚人获编撰,人民文学出版社,NULL,2007,871,39.00元,32开,9787020059911,7.1,332,NULL,《隋唐演义》从隋主伐陈一直写到唐明皇死，故事的时间跨度长达180年左右。但前详后略，前40多年占有66回篇幅，后130多年只用了34回篇幅。全书人物众多，事件纷繁，概括起来，大致可分为两个方面的内容：一、描写秦琼、单雄信、程咬金、徐世勣、李密、窦建德等乱世英雄的轰轰烈烈的反抗斗争和光彩照人的侠义性格。二、描写隋唐两代王后妃特别是隋炀帝、武则天、唐明皇的宫闱故事。这部分的思想内容比较复杂。首先，作者的描写在客观上揭露了宫廷政治斗争的血腥与残酷，几乎每个新君主都是在阴谋诡计、互相残杀中最后踩着政敌的血泊登上皇帝的宝座的。其次，小说铺叙和揭露了帝王后妃穷奢极欲、荒淫无耻的生活。,古典文学
139,科幻之路（第一卷）,"[美] 詹姆斯·冈恩",福建少年儿童出版社,NULL,1997-8,445,20.00元,平装,9787539514338,8.3,72,NULL,暂无简介,科幻
140,我的第一次动物大发现儿童地图绘本,"【法】斯黛芬妮•莱德 / 著",光明出版社,NULL,2015-4-1,44,55,精装,9787511277381,9.7,19,NULL,"你知道地球上有多少种动物吗？据统计，现在已知的物种将近200万种。但是，据科学家估算，实际的数量是这个数字的40多倍。也就是说，地球上其实有8000多万种动物！如此庞大的数字，要在一本地图册中全部表现出来，这当然是不可能的。不过，我们从动物的多样性、奇特性、观赏性三个角度考虑，选择并介绍了大约450种动物。赶快翻开本书吧，它将会带领小朋友认识世界各地的动物，了解它们的生活环境及所处的地理位置。从生活在我国密林深处的大熊猫，到西伯利亚的东北虎，再到亚马孙雨林的托哥巨嘴鸟......信息丰富，配图精彩。 这本书将开启小朋友们的环球动物之旅，从小培养他们对大自然的热爱和兴趣！",绘本
141,午夜凶铃4：贞相大白,（日）铃木光司,南海出版公司,NULL,2003-01,205,14.80元,平装,9787544223430,7.2,1540,NULL,重逢并没有给贞子和远山这对昔日的恋人带来任何甜蜜，一切的答案都埋藏在贞子的身世之中。虽然死亡步步近逼，但远山依然不改对贞子的眷恋……掀起全球最恐怖、最颤栗的贞子风暴终于平息，两个世界都回到了和平幸福的起点。然而这是否真是结局？计算机创造出来的“环界”是否会再创造出另一个“环界”？,悬疑
142,"Swedish Folk Tales","John Bauer","Floris Books",NULL,2004-08-26,240,"USD 30.00",Hardcover,9780863154577,7.7,13,NULL,"John Bauer""s original, evocative illustrations bring these classic Swedish folk tales to life. This collection comprises 29 stories, including Elsa Beskow""s When Mother Troll Took in the King""s Washing; The Magician""s Cape by Anna Wahlenberg; The Seven Wishes by Alfred Smedberg; The Ring by Helena Nyblom; Stalo and Kauras by P. A. Lindholm; The Maiden in the Castle of Rosy Clou...(展开全部)",童话
143,与周氏兄弟相遇,"钱理群 著",复旦大学出版社,NULL,2010-8,154,20.00元,平装,9787309073874,8.1,39,NULL,《与周氏兄弟相遇》内容简介：回顾我的人生轨迹与治学之路，最有意义的，大概就是和周氏兄弟——鲁迅与周作人的相遇。早在中学时代就读鲁迅作品，在大学期间，又把新出版的《鲁迅全集》通读了一遍，但许多地方都读不懂。真正读进去，并且有了自己的体会，是在“文革”后期。中国与自己都走到了绝境，在极度的苦闷中，和一群年轻朋友探讨“中国向何处去，自己向何处去”时，与鲁迅相遇了。我的第一本鲁迅研究专著《心灵的探寻》就是这次相遇的产物，《与周氏兄弟相遇》第一篇《“多疑”、“尖刻”中的现代智慧》就是其中的一篇。第二次相遇，是在2000年我遭遇了一次全国性的大批判，大病一场以后，又有了一次绝望的生命体验，并且有了《与鲁迅相遇》，这里选了《鲁迅和现代评论派的论战》这一章。记得在这书的《开场白》里还讲过这样一番话：“人在春风得意、自我感觉良好时，大概是很难接近鲁迅的；人倒霉了，陷入...(展开全部),鲁迅
144,茨威格画传,高中甫,复旦大学出版社,NULL,2011-8,193,25.00元,平装,9787309080797,7.4,25,NULL,《茨威格画传》是我国著名翻译家高中甫先生最近的力作，以优美的文笔和翔实的资料勾勒出了茨威格传奇的一生，尤其是全书收入了200多幅有关茨威格的珍贵照片，是国内第一本最权威的茨威格画传。斯蒂芬•茨威格是伟大的犹太小说大师，是著名的心理分析大师。他以《一个女人一生的24小时》、《陌生女人的来信》、《象棋的故事》、《三大师》等一系列杰作征服的世界，通过对人类灵魂的挖掘与刻画，其作品以浓郁的抒情性和人物传记强烈的时人感与现实性使用中国读者为之倾倒。而茨威格生性内敛抑郁，帝人很难洞翻他的内心世界。他的婚恋，他的政治态度以及他和妻子双双自杀，都构成了世界文坛之谜。,茨威格
145,蝴蝶梦,"[英] 达夫妮·杜穆里埃",上海译文出版社,NULL,2002-3,318,16.00元,平装,9787532727421,8.2,6717,NULL,"《蝴蝶梦》原名“吕蓓卡”，是达夫妮·杜穆里埃的成名作。 “我”与丧偶后萎靡不振的德温特先生一见钟情。但随他住进著名的曼陀里庄园后，却发现时时处在德温特已故的前妻吕蓓卡的阴影笼罩之下。一个偶然的机会，“我”发现吕蓓卡真正的死因，于是面临情与法的选择。不久，一场神秘的大火将漫陀里化为灰烬……作者通过情景交融的手法，成功地渲染了缠绵悱恻的怀乡忆旧和阴森压抑的绝望恐怖这样两种交叠渗透的气氛，加之全书悬念不断，使之成为一本多年畅销不衰的浪漫主义小说。",外国文学
146,时光里的不为人知,随侯珠,江苏凤凰文艺出版社,NULL,2016-7,320,29.80元,平装,9787539991504,7.4,81,NULL,"那些时光里的漫漫往事， 除了你我，早已不为人知。 对于苏寅正而言，周商商是他所有青春的记忆和爱情的烙印， 他和她走过了漫长的十四年，人生最美好的时节，他们都在一起。 然而，现实仿若粗粝的滚轮，将他们的爱碾压成泥。 对于韩峥而言，周商商是他可望而不可即的白月光， 他从未想过，自己会这样爱一个人。 漫长的等待灼烧着他的心，他不知道终点将通向哪里。 时光真是无情的东西，相爱的人走失了，往事尽了散了。 在这场爱情的争夺战中，最终谁能占得一席之地？ 暖甜言情代言人、晋江原创网VIP金榜大神随侯珠成名作，原名《心有不甘》。",言情
147,查理九世1·黑贝街的亡灵,雷欧幻像,浙江少年儿童出版社,NULL,2011-1,205,15.00元,平装,9787534262135,7.6,242,NULL,"墨多多是个好奇又贪玩的小孩，老师和同学眼中的“问题多多”自从一只奇怪的贱狗“查理九世”来到墨多多的家，事情就不对劲儿了，一系列令人惊叫不已的事件发生了：一本扔不掉的“亡灵日记”，一张画满眼睛的藏宝图、一首恐怖的童谣……在神秘事件的共 同吸引下，四个各具才能的小伙伴组成秘密少年冒险队！《查理九世1:黑贝街的亡灵》中亡灵日记指引他们来到一条拥有无数幽灵传说的古老“黑贝街”——藏宝图开启，死神降临…层屡险恶，重重难关，他们能否化恐惧为智慧，走出被怪物、幽灵和莫名其妙的现象包围的地下迷宫。",奇幻
148,顾城文选·卷二：思忆朦胧,顾城,中国文化出版社,NULL,2006-9,328,33.80元,平装,9787531718321,9.7,27,NULL,暂无简介,诗歌
149,米,苏童,台海出版社,NULL,2000-1-1,302,18.00元,平装,9787801411235,7.8,4349,NULL,民以食为天，苏童的一部《米》讲述了主人翁五龙摆脱饥饿贫困的人生历程，伴着一个家族三代人的颓败，乡村与都市的纠缠与冲突，随着食欲的满足而又落入性欲的陷阱。五龙为“米”而来，也终于死于回乡火车的米堆上。整部长篇充满着可阅读的快感，且不乏深层的寓意。有评论家称之为“一半是历史，一半是寓言”，又有称之为一部精致的具有中国传统特色的“米雕”。总之，《米》是苏童为数不多的长篇中最值得重视的一部小说。,中国文学
150,地下人,"[美] 罗斯·麦克唐纳",新星出版社,NULL,2015-7,296,32.00元,平装,9787513317795,7.7,39,NULL,"小男孩罗尼被父亲斯坦利强行带走，私人侦探卢·阿彻对刚结识的罗尼心怀同情，便接受了其母的委托，去确认他是否安好。 此时，大火正笼罩圣特蕾莎，斯坦利在郊外遇害，罗尼离奇失踪。 阿彻从多年前的家族往事入手，埋藏于黑暗之中的案件缓缓浮出水面，一具十五年前的尸体被发掘出来，上代人的恩怨愈发明晰……",推理
151,你若盛开，清风自来,王一心,陕西人民出版社,NULL,2013-12-5,296,38.00,平装,9787224109290,7.3,12,NULL,一千个读者眼中有一千个张爱玲。本书将民国时期社会各阶层人士对张爱玲的评价辑录成册，为当代读者还原一个最真实、最鲜活的张爱玲。在这本小集子里，既有充满娱乐精神的八卦猛料，也有中规中矩的文学评论。师长夸她聪颖，情人赞她才情，朋友羡她洒脱，还有小报记者孜孜不倦写她如何嗜吃臭豆腐……书中所写的，不是我们熟悉的那个文学史里的张爱玲，而是民国人眼中的张爱玲。特立独行如她，潇潇洒洒，纵横红尘。常说女人如花，张爱玲的一生便正如书名所言：你若盛开，清风自来。,张爱玲
152,永远的少年,杨照,新星出版社,NULL,2013-9,224,29.80元,平装,9787513310277,8.4,155,NULL,本书即是台湾作家杨照先生对村上春树著名作品《海边的卡夫卡》进行的深度解读，带读者在领略经典作品魅力的同时，也分享其中的人文情怀。,村上春树
153,地球上的绿色山丘,罗伯特·海因莱因,四川科学技术出版社,NULL,2006-11,234,20.00元,平装,9787536461000,8.1,274,NULL,"《地球上的绿色山丘》是一部珠玉集，收录了科幻大师海因莱因1941年至1949年间发表的短篇佳作10篇。 这些小说都属于他的“未来史”系列。其中，《地球上的绿色山丘》讲述了双目失明的宇航员雷斯灵在太阳系内漫游，最终葬身太空的经历；《黛利拉与空间站装配工》探讨了太空环境中的两性问题；《永远的守卫》讲述了一位月球基地官员不惜牺牲生命拆除核弹，以避免太空核战发生的英雄事迹；而《帝国逻辑》则表现了金星殖民地人民为了抵抗暴政，追求自由而进行的艰苦斗争……",科幻
154,大象小不点,"(奥)埃尔温·莫泽尔 文/图",南海出版公司,NULL,2011-11,300,59.60元,平装,9787544255431,9.3,27,NULL,"小不点是一只“迷你”大象，出生没多久就和象群走散了。他从来没见过自己的爸爸妈妈，也不知道自己是谁。为了寻找家人，小不点不畏艰难，开始了一场充满挑战的冒险之旅…… 奥地利儿童文学奖荣誉奖得主莫泽尔创作的这一系列“大象小不点”的故事，涵盖了孩子心灵成长的各个阶段，小不点每邂逅一位朋友，就向着独立和更明确的自我认知迈出重要的一步。它教给孩子：孤单的时候不要慌张，失望的时候不要沮丧，困难的时候不要放弃。 读“大象小不点”的故事，不仅能让孩子和小不点一同上路去冒险，感受这特别的心灵成长之旅，同时也是提醒家长们，孩子的身上蕴藏着无限力量，要相信他们，放手让他们自己去做决定，为以后的人生打下基础。",童话
155,薄薄的故乡,王小帅,重庆大学出版社/楚尘文化,NULL,2015-5,288,48.00元,平装,9787562489962,8.2,314,NULL,"先锋导演王小帅的私人笔记，无故乡时代的故乡情结，献给所有回不去故乡的人们。 苏童、杜琪峰、刘小东、高圆圆推荐珍藏 █ 编辑推荐 ★ 柏林银熊奖、戛纳评审团奖得主王小帅的“三线”记忆 ★ 《青红》《我11》《闯入者》创作背后的真实故事 ◆模糊的回忆、幸存的老照片、儿时的画 、家书、剧照、几经手改的文稿，订成一本私人笔记。 ◆大时代背景下小人物的迁徙流变，勾画出一代人的集体遭遇：一群没有 故乡的人仅以留存的记忆碎片。 █ 媒体评论与名人推荐 他用电影的方式改变了中国人的生活态度，带给未来以无穷希望。 ——美国《商业周刊》“亚洲之星”称号授予评语 作为1990年代出现的大陆新一代导演的代表人物，王小帅的作品令人印象深刻。” ——《法国世界报》 王小帅透过镜头，描绘人在不同地域间的移动流离，从乡村到城市、自中国到西方，显现出他对中国社会变迁改貌的厚实观察。”...(展开全部)",随笔
156,鲁迅经典作品集,鲁迅,兰州大学出版社,NULL,1998,598,28.00,平装,9787311013462,9.2,34,NULL,暂无简介,鲁迅
157,玛丽亚.斯图亚特,茨威格,安徽文艺出版社,NULL,2002-1-1,426,22.00,平装(无盘),9787539620855,8.0,32,NULL,暂无简介,茨威格
158,黄河鬼棺,南派三叔,北方文艺出版社,NULL,2007-05,252,24.80元,平装,9787531721482,6.5,1883,NULL,"故事讲述的是一个离奇的让人无法相信的故事，一个生意并不如意的古董商人，偶然间被牵扯进了一件发生在黄河清淤工程中的诡异事件当中，凡是经历这个事件的人一个接着一个毫无预兆的死去，他自己也逐渐感觉到了死亡的一步步临近。然而死因却依然扑朔迷离，在他锲而不舍的努力下，一个个谜团被抽丝剥茧，终于露出了隐藏在黄河的淤泥下面恐怖秘密……黄河村落晦涩的儿歌，河底石台中的透明人影，千年前的铁链，到底想捆住什么东西，死去的神秘老人，到底在河底看到什么？ 一切谜团的答案，尽在黄河鬼棺之中……",悬疑
159,一粒红尘2,独木舟,东方出版中心,NULL,2015-11-11,304,32.80元,精装,9787547308714,7.1,307,NULL,"编辑推荐 滚滚红尘，这世间确有它的污秽不洁。但因为人间这点公平，所以我们才可以说，对于命运，我永不绝望。 ——独木舟 一、《一粒红尘》是畅销书作家独木舟与人生并行的转型之作，上市后便多次荣登开卷榜、各地图书城等各种图书销售排行榜，是2014年销量与口碑齐赞的畅销佳作。《一粒红尘II》是“红尘”系列结局篇。 二、《一粒红尘II》随书赠送： 1、全彩别册《在无声而寂静的时间里》，内含未曾曝光的同步创作笔记&独木舟漫游意大利照片； 内容简介 “人生是一个不断失去的过程，对不对？” 她用了疑问句的语气，却又似乎并不需要谁给她一个答案。 在秋天的月光下，她想起很多。 她经历的所有，赤贫的童年，激烈的青春，破碎的初恋，被损耗、被欺骗和折辱的生活，从前她的眼里只看得见这些，心里也只记得这些。 命运给她十个盒子，前面几个拆开全是空的——她曾经为之愤恨过，久久不能释怀...(展开全部)",言情
160,山河表里,Priest,云南美术出版社,NULL,2015-3-1,568,"CNY 50.00",平装,9787548918745,8.4,537,NULL,"前特工褚桓追击贩毒集团头目“大鬼”，狙击成功后跌下山崖，带着重伤一路跌跌撞撞地抵达一个小县城，小县城里，他遇到了两个奇人，二人为他疗伤后，将他带回深山，并请他为深山中的孩童们教书。褚桓发现，孩童们力大无穷，并骁勇善战，而这座山也另有蹊跷。 以南山为首的族人们，名为“守山人”，一年之内的大部分时间，他们无法踏出“河”的界限去常人生活的世界。 守山人们守的山，更是有一年一次的山门倒转，而“门”的周围，更有名为“守门人”的神秘族群，镇守着神山与圣水。 褚桓下定决心要从守山人居住地离开的那一天，正好遇上了山门倒转的日子，“门”的那一头，许多的未知阴影正准备倾巢而出。褚桓与南山为了守护守山人与守门人，联合守门人族长鲁格与褚桓的旧识袁平，闯入门中，在门中的世界展开了一场奇异的冒险。",奇幻
161,东藏记,宗璞,人民文学出版社,NULL,2001-4,359,18.00元,平装,9787020033966,8.4,605,NULL,《东藏记》是四卷本长篇小说《野葫芦引》的第二卷，并可独立成篇。这部作品以抗日战争时期西南南联合大学的生活为背景，生动地刻画了中国知识分子的人格操守和情感世界。他们对亲人朋友的大善、对祖国民族的大家、对入侵这敌的大恨、对亡国之祸的大痛，都得到深刻细腻的表现。作品的结构严谨合度、语言优雅蕴藉、情节暗设玄机、人物丰满真切，具有臻于完善的思想物艺术品格。,当代文学
162,惠特曼诗歌精选,惠特曼,北岳文艺出版社,NULL,2000-08,403,39.80元,平装,9787537820875,7.8,30,NULL,"李视歧同志译注的《惠特曼诗选》行将再版，并将易名为《惠特曼诗歌精选》，特此请我写序。该书1988年的初版，我已经读过。我为这部为鲁迅先生所推崇的世界民主诗人的杰作所感动，又感于译注者多年的富的有成果的苦心，愿借此机会留下我美好的祝愿。 1948年我在济南华东大学任文学院长时，李视歧同志是外语系的学生。未几随军南下，他分到浙江嘉兴专署作文教工作，并到我和朱生豪的母校秀州中学工作过。1987年我接到他的来信，知道他在上海外语学院毕业后到北京去了。他在教授外语之余，从事研究和翻译马雅可夫斯基、叶赛宁、惠特曼，以及日本作家等人的外国文学。他给我寄来不少的译作和文章，尤其我读了他的《惠特曼诗选》、他在美国发表的论述惠特曼的文章和对文章的评价材料后，我才知道了他的顽强的钻研精神、他的多种外国文学的理解水平和表达能力。我曾在一封信中激励他说： “你的关于惠特曼的译...(展开全部)",诗歌
163,納蘭詞箋注,"[清] 纳兰性德",上海古籍出版社,NULL,2003-9,447,32.00元,平装,9787532534487,9.0,826,NULL,《纳兰词笺注》为“中国古典文学丛书”之一，繁体竖排，由上海古籍出版社出版、发行。提到纳兰词，人们首先会想到的是他的爱情词。的确，爱情词可以说是纳兰词最具特色，最能代表其个性的作品。这些作品不光占有纳兰词三分之一多的篇幅，而且是其全部词中的精华，是诗人呕其心血，掬其眼泪，和墨铸成的珍品。前人说纳兰词“哀感顽艳”，用这四字作为他的爱情词的总评，应该说还是允当的。,古典文学
164,"长歌行 02",夏达,新世纪出版社,NULL,2012-6,160,18.00元,平装,9787540552947,8.8,4069,NULL,前太子李建成被满门抄斩后，唯其女李长歌侥幸脱逃。易装为男儿身的长歌带着徒弟阿窦，投奔边关重地朔州城的太守公孙恒。凭借出人的才略，长歌巧妙化解了突厥的进攻，被任命为都尉。,漫画
165,爵士群像2,村上春樹,時報文化,NULL,2003,112,NT,平装,9789571339016,8.1,78,NULL,"和田誠渾厚有靈魂的繪畫風格加上村上令人嘆為觀止的爵士樂寫法，這是一本無論是村上讀者或爵士樂迷都無法抗拒的音樂隨筆，繼第一本《爵士群像》成功後，兩人又再度合作，這次收錄的爵士樂手及團體都更具「個人興趣」，從Sonny Rollins到Anita O’Day，從Ornette Coleman到Gene Krupa，共二十六篇，比起第一集裡的路易阿姆斯壯、艾拉費茲杰羅，明顯看出與時代更親近的腳步，但是因為歲月的累積，卻在現代的音樂中找到更具情感的聆聽方式。",村上春树
166,鲁研存渖,陈福康,上海交通大学出版社,NULL,2015-5,388,38.00元,平装,9787313126733,0.0,10,NULL,本书是作者长期研究鲁迅的学术成果的结晶。书名叫《鲁研存渖》，“鲁研”即为”鲁迅研究”；同时，“研”即是”砚”。“渖”即墨汁，“存渖”是作者自己留有的辛苦文字。这也寓含了作者对自己精心挑选出的鲁迅研究成果的珍视。陈福康《鲁研存渖(精)》大体按专论、杂考、商榷、批驳分为四卷，这正体现了作者的治学风格和特点。全书很大部分文章是考证辨伪，有些内容虽然不宏大，有些文字虽然较短，但学界同仁关注，读者朋友爱看，觉得是鲁迅研究园圃不可多得的一茎竹篁。虽然鲁迅研究中有人爱写煌煌大论，甚至有的人对考证鄙夷，视为雕虫小技，但作者坚持认为理论文章也少不了考证，而且惟考证乃真学问，它能解决很多疑惑，说明很多事实。书中有不少文章就属于这类实证考据，博古通今，视野宽阔，纵横驰骋，益人心智。本书另一部分文章是批评风格的，有揭露伪造鲁迅谣言的，有揭露伪造鲁迅题词的，有批评不懂装懂、胡...(展开全部),鲁迅
167,履历表,幾米,现代出版社,NULL,2005-1,127,25.00元,平装,9787801884992,8.3,9142,NULL,继《又寂寞又美好》回顾几米之所以成为几米那股驱力之后，我们再回到现在《履历表》，用几米的眼光来检视我们现实和梦想的世界，关于每个人的“履历表”。这是一朵任何人都值得拥有的美丽花朵。困惑的鲁宝宝、捕捉流星的光子一郎、鸟瞰众生的郝仁垒、最美丽的搬运工马以人……几米用他五色的笔，绘出斑斓的人生，迷离的爱恨、平淡的际遇，才是生活的本质。,绘本
168,梦书之城,[德]瓦尔特·莫尔斯,南海出版公司,NULL,2014-4,466,39.50元,平装,9787544249423,8.9,509,NULL,"★那些不敢翻开这本书的胆小鬼，祝你们活得长寿又无聊得要命！ 书会飞、会伤人甚至取人性命……翻书成为一场惊变百出的大冒险！ ★斑斓异境，书之狂梦，以及查莫宁怪奇文学史 一片诗龙和巫魔女等栖居的神秘大陆，一座藏有万千蛰梦书的奇城 ★莫尔斯充满创造力的心灵，仿佛J•K•罗琳嗑了快乐丸。（美国《底特律晚报》） 深谙“阅读魔法”的德国幻想文学大师，凝缩百千故事的想象力和深度于一书。 连脚注都灌满灵感的瑰丽小说＋大量作家亲绘精细插画 ★长踞德国畅销书榜42周，10多个国家购得版权 传说雕龙戏尔得衮斯特，属于查莫宁大陆上直立行走、全体以写作为生的诗龙族，年届七十七时尚未出版过任何作品。他那热衷描写蓝花椰菜的诗艺教父，在死后留给他一份神秘手稿，手稿之精妙足以令其他作家对写作绝望。为寻访手稿作者，传说雕龙深入住有各色生灵、饱藏蛰梦书的书乡市，乃至它危机 四伏的地底世界...(展开全部)",外国文学
169,迪士尼电影故事,佚名,不详,NULL,2009-8,51,14.80元,平装,9787115200884,9.4,66,NULL,《飞屋环游记》主要讲述了：卡尔·费迪逊是一位自闭孤僻、脾气古怪的老人。他与妻子艾莉从小就梦想着能环游世界，可惜的是，直到艾莉去世也没能实现这个愿望。为了完成艾莉的梦想以及自己对艾莉的承诺，卡尔用气球将自己的房子打造成了一座可以飞的屋子，并在无意中邂逅了开朗乐观的小男孩儿小罗。这一对老少完全不搭调的组合，乘坐着“飞屋”开始了他们奇特的冒险旅程。,童话
170,危险的怜悯,茨威格,不详,NULL,不详,300,0.85,平装,9999999999999,8.9,25,NULL,暂无简介,茨威格
171,黑色回声,(美)迈克尔·康奈利,新星出版社,NULL,2006-11,522,34.00,精装,9787802250437,8.0,584,NULL,"那里面只有死亡，其它什么都没有。 迈克尔·康奈利连年蝉联《纽约时报》畅销书排行榜榜首，被GQ杂志评为“举世最杰出的推理小说家”。 “它会把你牢牢粘在椅子上。”——《华盛顿邮报》 “非同寻常……绝对不要错过。简洁令人难以相信这是康奈利的处女作。”——詹姆斯·李·贝克 博斯把画挂在了前门的走廊上。每当他进门，尤其是心了一天或者一晚感觉疲惫不堪的时候，他常常会停下来细细端详它。每次他都会被画深深地吸引，每次这画也都会让他想起埃丽诺·威什。黑暗。无边无沿的黑暗。独坐的男人转过了脸，身处阴影之中。我就是那个男人。哈里·博斯每次看到这幅画，都会这样想。 洛杉矶警察局凶杀组探员哈里·博斯发现穆赫兰水坝的男尸背后隐藏着巨大的阴谋。死者比利·梅多斯曾在越南战场上与博斯并肩作战，他们都被称为“地道老鼠”。博斯一直没有从越战的阴影中回复过来。一位充满活力和魅力的FBI女探...(展开全部)",推理
172,装点《红楼梦》,杨树云,东方出版社,NULL,2012-12,346,68.00元,平装,9787506055239,8.7,172,NULL,"《装点 》内容简介：八七版电视剧《红楼梦》是中国影视化装界的一个难以超越的经典，在今天各大高校的影视化妆专业中，还是必读的案例。杨树云老师在多年教学和研究过程中，深感出版一本回顾经典的书，是很有必要的。《装点 》既有扎实的理论基础，又有深厚的文化底蕴，如对一个眉型的研究，作者会查阅大量的古籍资料，从《红楼梦图咏》、《晓雨即事》、《西京杂记》、到《杨太真外传》到《后汉书》、《庄子.天运》等，从古至今，穷究其源，丰富的人文历史知识和对专业的热爱和执著，使《装点 》更专业、高端；同时，活色生香的化装细节，大量美图，又使《装点 》有非常大的可读性，观之可亲，读之可赞。",中国文学
173,西望张爱玲,西岭雪,东方出版社,NULL,2007-11,283,38.00元,平装,9787506029681,7.2,165,NULL,"“张爱玲死了，她的书还在，她的影像还在，她的余韵和传奇还在；我活着，然而我的灵魂离开躯体，追随着张爱玲的脚步，行走在旧上海的天空，努力拨开迷雾，希望将她看得清晰。” 这是西岭雪写在《西望张爱玲》一书封面的话。这本书与其说是张爱玲的人生传记，不如说是当红女作家西岭雪对当代女作家张爱玲的一次最真诚的追随，最大胆的揣测。是生者对死者的访问，理性向灵性的致敬。书中除了对张爱玲的一生作了细致详尽的描写之外，还有同样从女作家视角出发的，对“祖师奶奶”作品与性格的分析，无疑是“张迷世界”又一份最难得的珍藏。",张爱玲
174,Inferno,"Dan Brown","Bantam Press",NULL,2013-5-14,480,"GBP 20.00",Hardcover,9780593072493,7.8,85,NULL,暂无简介,悬疑
175,海辺のカフカ,"村上 春樹",新潮社,NULL,2005-2-28,486,"JPY 767",文庫,9784101001548,8.9,61,NULL,「君はこれから世界でいちばんタフな15歳の少年になる」―15歳の誕生日がやってきたとき、僕は家を出て遠くの知らない街に行き、小さな図書館の片隅で暮らすようになった。家を出るときに父の書斎から持ちだしたのは、現金だけじゃない。古いライター、折り畳み式のナイフ、ポケット・ライト、濃いスカイブルーのレヴォのサングラス。小さいころの姉と僕が二人並んでうつった写真…。,村上春树
176,诗海——世界诗歌史纲·传统卷,飞白,漓江出版社,NULL,1990,768,27.30,精装,9787540704162,9.1,40,NULL,暂无简介,诗歌
177,比你想像的更黑暗,杰克.威廉森,四川科学技术出版社,NULL,2003-05-01,294页,18.00,平装,9787536452206,7.9,658,NULL,"人类研究基金会的科学家蒙瑞克博士，多年潜心于变异人种的研究，终于在蒙古取得了惊人的发现。记者威利·巴毕随即前往机场采访，不想“意外邂逅”美丽女郎艾溥露·贝尔。    艾溥露向巴毕揭开了一个惊人的秘密：巴毕和她一样，血管中流着异族的血液；而博士的发现将威胁到他们整个种族的存亡！在艾溥露的诱导下，     巴毕在夜晚入睡后变异成嗜血的猛兽，开始了悍卫种族血脉的战斗，巴毕在人兽之间的边缘挣扎，要如何才能摆脱宿命的捉弄？    本书是一部基于民间传说的惊人之作，神秘而充满悬念的情节释放者让读者无法释卷的魔力。",科幻
178,路从今夜白,墨舞碧歌,大众文艺出版社,NULL,2010-4,315,26.80元,平装,9787802405301,7.1,4291,NULL,"时光飞渡，他与她毕业已数载，可是关于他们的故事，却始终在G大校园静静流传，划破夜空，穿过流年。版本迥异，亦不一而足。 然而，有一点可考据的是，平凡的她当年负了被称为美术系天才的他，而他，却用情若斯，为她几乎葬身火海，为她放弃保荐外国深造的机会。 数年后，狭路相逢，他事业大成，携手新欢，笑看红尘。 　　她亦笑得云淡风清。 只是，无人知晓，露珠从分离那夜就开始泛白，而她的思念亦早已在彼时泛滥成灾……",言情
179,你可以活成自己喜欢的模样,闫晓雨,台海出版社,NULL,2016-6-1,304,36.00元,平装,9787516809068,9.3,42,NULL,"这是一本青春励志读物，生活方式指南。书中的人物，有的是作者的亲朋好友、有的是作者的同学闺蜜、有的是作者的采访对象，他们平凡但不平庸，在追寻自我的道路上也曾迷失也曾无助，却终究还是以努力笃定的姿态不断靠近梦想。 你可以不必拥有大成就，但一定要有小确幸。故事有点烫，青春不打烊，所有的正能量都从悲观中脱颖而出，静下心来倾听那些来自内心深处的困惑、迷茫、焦虑，持之以最温柔的情绪，试着与它们握手言和。别被任何环境安排你的生活，忠于内心，勇敢做梦，就能活成自己喜欢的模样。",随笔
180,猫饭奇妙物语,张寒寺,测绘出版社,NULL,2015-5,296,32.80元,平装,9787503037139,7.6,292,NULL,"《猫饭奇妙物语》是一本故事书，是豆瓣阅读最火热故事专栏《猫饭奇妙物语》的结集出版。 这本书没有固定的故事选题和行文风格，所以不管你喜欢看什么样的故事，都能在这本书里找到你想要的，这些故事的唯二共性是：一、奇思妙想的情节；二、难以预料的结局。 这里面有不懂浪漫的博士，埋头制造具备“接吻”机能的机器人，只为把它送上月球去执行一项任务…… 有一个动物园饲养员，深夜潜回动物园，试图偷走一只狮子…… 还有从外村嫁来的四姨，怀胎十月之后，如预言一般地生下一只叉烧包…… 正准备享受单身生活的男子，突然收到妻子从世界各地寄来的明信片，他清楚地记得，妻子在不久前刚刚被自己杀死…… 而远在明朝，宫里的太监总管正在暗暗发愁，因为皇帝陛下又偷走了他的肚兜…… 这几十个故事都不长，几分钟就能看完，却能提供恐怖、搞笑、悬疑、温情等各种情绪，非常适合打发闲暇时光，获得阅读快感。 ...(展开全部)",奇幻
181,花园小象波米诺,雷蒙娜·巴蒂斯库,新星出版社,NULL,2016-4-30,576,228,精装,9787513320740,9.2,34,NULL,"波米诺是一只生活在花园里的粉红小象，它有着长长长长的鼻子……真的好长，有时都不知该拿它怎么办才好。不过呢，波米诺很聪明，它总是能想到对付这些小烦恼的妙招。 一点儿哲学家的思辨，加上多一点儿的小调皮，再加上几小勺柔情，就得到了一个惹人怜爱的波米诺。 这套佳句俯拾皆是、画风清新扑面的绘本，非常适合家长读给孩子听；也适合刚刚开始自主阅读的小朋友；所有认真感受生活的大朋友，读完你会觉得波米诺就是你。 桂冠： 《花园小象波米诺》是一套风靡法国的成长童书，被翻译超过十种语言，曾入选法国“最令孩子心动的二十本童书”，“《纽约时报》杰出儿童图书”。一连串的奇思妙想，让你重新思考成长的无限可能！",绘本
182,鲁迅自传,名人自传丛书,江苏文艺出版社,NULL,1997-12,300,17.50,平装,9787539910468,7.4,12,NULL,暂无简介,鲁迅
183,人文之光,（奥地利）斯蒂芬・茨威格,漓江出版社,NULL,不详,253,12.00,平装,9787540724191,7.8,10,NULL,"奥地利作家斯苔芬・茨威格（1881－1942）的传记作品闻名遐迩，独具特色。本书收入了他的两篇作品：《伊拉斯谟的成功与悲剧》和《托尔斯泰》。  伊拉斯谟（1466－1536）是欧洲文艺复兴时期著名的人文主义学者，他博览群书，把希腊文《新约全书》译成拉丁文，写了富有哲理的长篇讽刺作品《愚人颂》，蜚声全欧洲。书中介绍了伊拉斯谟和马丁・路德在宗教改革运动中的分歧与冲突。  托尔斯泰（1828－1910）是俄罗斯文学大师，其作品在全世界产生了广泛的影响。书中着重描述了托尔斯泰晚年激烈的思想斗争，以及他弃家出走、客死异乡的悲剧结局。",茨威格
184,"长歌行 06",夏达,新世纪出版社,NULL,2014-3,172,19.80元,平装,9787540584405,8.9,1199,NULL,"《长歌行6》，长歌离别与重生之卷。小小流云观，成为各方势力的角逐场，而长歌，在此历练并重获新生。 一千年前的大唐公主复仇记，李长歌女扮男装忍辱负重，为报血海深仇，誓要诛杀当朝天子李世民。在第5卷中，长歌遭遇弥弥之死，出走军营，流落流云观。而看似平静的流云观，背后又牵动哪方的势力，长歌又会得到怎样的历练？一切尽在《长歌行》第6卷！ 在第6卷中，夏达在故事情节上加入更多错综复杂的关系，引入更多人物，进一步描绘盛世大唐各方政治势力。贤主、能臣、隐士、侠客、乱党、地下势力……流云观是盛世大唐的政治缩影，各方势力明争暗斗，伺机而动。而长歌，处于这样的环境，又会生出怎样的变故？众多人物和势力，风起云涌，纷至沓来，尽在第6卷。",漫画
185,叶嘉莹说中晚唐诗,叶嘉莹,中华书局,NULL,2008-1,195,25.00元,平装,9787101058772,8.6,477,NULL,中国古典文学专家叶嘉莹先生幼年即学习古典诗词，后又在加拿大讲学多年，对中国古典诗词及中西方文艺理论涉猎颇深。此书即是叶嘉莹先生融会古今中外文艺理论之精华，对中晚唐时期的重要诗人，韦应物、柳宗元、刘禹锡、韩愈、白居易、李贺、李商隐、杜牧，品评诗作，细数人生，让我们更深切地理解诗人和诗作。,古典文学
186,村上先生的愛樂電台,許致文,時報文化,NULL,2007,207,39.90元,平装,9789571347615,8.1,42,NULL,"村上春樹的作品，處處可見音樂家的名字和曲目，小說裡，這些作曲家和他們的作品，常有弦外之音；散文隨筆中，他對音樂的高明比喻、犀利評論、趣味心得，更是讓人收穫良多。 本書以愛樂電台的廣播形式行文，輕鬆有趣介紹村上春樹書中提到的古典音樂，包括樂曲與村上春樹作品的連結、音樂故事、版本介紹，村上春樹平常愛聽的古典音樂等等。跟著古典樂再次進入村上春樹的世界探訪，你一定會有許多新奇有趣的發現！ 隨書附贈之賞樂CD，是針對本書特別挑選的十五首曲目，都是知名樂團與音樂家的經典曲目與錄音版本，其中多首曲目更是村上春樹在書中直接點名的「指定版本」。是與村上春樹作品最為契合的閱讀音樂，也可說是村上春樹許多作品的主題音樂。",村上春树
187,迷宫蛛,鬼马星,浙江文艺出版社,NULL,2008-12,202,25.00元,平装,9787533927202,7.7,738,NULL,"残杀25条性命的变态杀手“一号歹徒”，疯狂叫嚣！ 身陷牢狱的美术老师陆劲与之一次次交手，却素未谋面！ 警方要陆劲协助破案，然而敌我之间，戒心永存。 ——警察岳程知道： 作为迷宫蛛的陆劲，永远都会留一手； 作为他的情敌，这个美术老师的爱情又让人胆战心惊。 ——这是逃亡的契机，还是绝望的游戏？ ……… “哈哈哈，我来了，我来了。”一号歹徒的信令人毛骨悚然。 这个残杀了25条生命的变态杀手，这次杀的又是谁？ 刑事侦查科警探岳程为了擒获凶残可怕、诡计多端的“一号歹徒”，不得不求助在监狱服刑的另一位天才杀手陆劲。早在多年前，陆劲就以迷宫蛛的名义跟一号歹徒有过通信往来。在信中，两人不仅抒发各自对人生的看法，还经常进行智力对决。 “有个男人很喜欢跳舞，他经常去一家叫蓝迪的舞厅，他的老婆也喜欢跳舞，在他出去的跳舞的时候，她也总是不在家。在家里，她很强势，老公怕她，她...(展开全部)",悬疑
188,李白全集校注汇释集评,詹锳,百花文艺出版社,NULL,1996-12-01,4045,480.0,平装,9787530623657,8.5,17,NULL,"国家古籍整理规划重点项目 国家教委古籍整理工作委员会资助。",诗歌
189,民国那些事,陈漱渝,漓江出版社,NULL,2012-10,440,39.80元,平装,9787540759582,0.0,10,NULL,"本书收入林语堂、梁实秋、闻一多、叶圣陶、茅盾、丁玲、肖军、胡风、唐弢、徐懋庸、郭沫若、田汉、周扬、宋庆龄等50多位鲁迅同时代人与鲁迅来往的事迹,他们和鲁迅,或感情至笃、终生不渝,或冰炭不同炉,或始于相亲,终于疏离,或始于彼此误解,终于尽释前嫌,呈现19世纪末期至20世纪30年代中期中国的文化生态。 所收文章共分笔战论敌、文人之间、木刻弟子、左翼营垒、红色相识五辑。",鲁迅
190,致D,"[法] 安德烈·高兹",南京大学出版社,NULL,2010-5,74,20.00元,精装,9787305067457,8.5,6637,NULL,"2006年，一本只有七十五页的小书《致D》的问世在法国书界引起轰动。第二年，作者与其爱妻双双自杀，共赴黄泉。这段长达六十年的爱情故事的结局，让这本书在畅销书排行榜上的排名直线上升。 写书的人大概没有料到，这纯粹记述两人感情经历的爱情告白，其影响远远超过了他以往写过的任何一部著作，给读者、甚至是严肃的思想界的同行们带来巨大的冲击。书中呈现出来的作者的形象光辉，盖过了他以往的任何一种身份。惟有执子之手、与子偕老的这个“丈夫”形象，才长久地留在世人心中，成为永恒。也是这个形象，让我们记住了他的名字———安德烈·高兹 （AndréGorz，1923-2007）。 《致D》是高兹写给她妻子多莉娜（Dorine，1924-2007）的“情书”，也是他的最后一部作品———爱情的墓志铭。法国哲学家高兹用平实、朴素的语言向多莉娜回溯这段刻骨铭心的情史。那时，他已经知道...(展开全部)",外国文学
191,婚不由己,旖旎萌妃,光明日报出版社,NULL,2012-4,311,22.00元,平装,9787511223050,5.8,108,NULL,《花火:婚不由己》讲述了女主人公大学刚毕业，就嫁给了林安森。可是结婚三年，电视上常看到他携女伴出席各种场合，她却再没亲眼见过他。他们的婚姻，不过是两家势力结合的纽带，第一次见他时，他就已经说得很明白：“我可以给你任何你想要的，除了爱情。”小女人的她就在那之后，成了大女人。三年后再次相见，他竟然还被冠以“钻石单身汉”的称号。她却是作为他的危机公关，处理他与影星的绯闻事件……她藏在工作人员中毫不起眼，本想悄然走过，无知同事却大声叫出了她的名字：“莫子言！”林安森蓦然皱起眉来，这个名字他记得……,言情
192,空谷幽魂,（英）阿加莎·克里斯蒂,人民文学出版社,NULL,2006-10,341,23.0,平装,9787020058273,7.5,2281,NULL,"在“幽谷庄园”女主人安格卡特尔夫人眼里，即将到来的周末派对既让人激动，又令人害怕。管家和厨娘把一切都料理得并井有条，然而，夫人隐隐感到：她激请的那些客人，彼此之间，并不是一团和气。 赫尔我克里·波洛也收到了请柬。然而，当他抵达庄园时，扑面而来的竟是一幕戏剧感十足的谋杀场景：游泳池边躺着一具男尸，一把枪缓缓沉入池底……",推理
193,"惑星奇航 1","幸村 誠",臺灣東販,NULL,2001-5-31,300,"NTD 110",平装,9789574731770,9.1,159,NULL,暂无简介,科幻
194,艳异,周芬伶,中国华侨出版社,NULL,2003-5-1,456,36.00元,精装(无盘),9787801207128,7.6,103,NULL,本书解读了张爱玲的生平与文本。内容分序论、一位现代女作家之诞生、自我流放与心灵回归、在艳异的空气中——散文、小说（一）——短篇、小说（二）——中篇、小说（三）——长篇等九卷。,张爱玲
195,麦哲伦传,（奥）茨威格,海燕出版社,NULL,2001-3,184,16.00元,24K平装,9787535021236,8.3,20,NULL,书本之所以产生，是由于有各种各样的情感需要表达。推动人们写书的，可以是一种灵感，也可以是一种谢忱；麦哲伦，著名航海家和探险家，第一个把环球航行理想付诸冒险运行动的人，把凡百代人只可梦想的东西变成不朽的现实，他成就了地球考察史上最伟大的业绩——环球之旅，证明了地球是圆的，促成了人类认识史上的一大飞跃。他的业绩可谓冠绝一代，也永远证明：没有什么事物比一种看似不可能的真实更美好，人类总是因为自己完成了不可信之事才找回了自信，一种受天才激励、被激情坚决推动的理想比一切自然伟大更伟大。,茨威格
196,纳尼亚传奇：银椅,[英]C.S.刘易斯,译林出版社,NULL,2005-11,181,15.00元,平装,9787806577431,8.1,657,NULL,"深深的地下，邪恶的魔法之网囚禁着一位王子。 纳尼亚……那里猫头鹰召开议会， 当邪恶编织着魔咒……巫术征服了大地。 尤斯塔斯和女生吉儿被一群坏学生所追赶，逃进了一扇通往荒野的小门，意外地发现自己来到了阿斯兰的国土上。他俩接受阿斯兰交付的任务，寻找凯斯宾国王失踪的独子——瑞 廉王子。十年前，王后被一条青绿色的毒蛇咬死，不久，王子也被一个绿衣美女诱走。其实，这绿衣美女是蛇精，它用魔法控制了瑞廉王子。瑞廉王子每天只有夜间一个小时是清醒的。但这时蛇精把他捆在银椅中，用魔法控制他。尤斯塔斯和吉儿和帮助他俩的沼泽怪一起踏上了艰险的寻找之路，但由于吉儿忘了阿斯兰的指示，所以增加了很多危险。他们通过巨人盘据的北方荒原，误入吃人的哈方宫，来到地下的幽深王国……最后在黑暗城堡中解救了瑞廉王子，劈毁银椅并抵御住蛇精的魔法，最后杀死蛇精，解放了众多的蛇精奴隶——地精，回到纳尼...(展开全部)",童话
197,顾城,顾城,人民文学出版社,NULL,2006-02,346,20.0,平装,9787020054008,8.9,917,NULL,本丛书所选诗人都是建国以后依然大量从事诗歌创作或者开始诗歌创作的；其作品或在读者中享有盛名，或影响广泛，且在新诗发展方面，特别是在展现中华人民共和国成立以后的新诗创作风貌上具有代表意义。意在总体反映新中国成立后诗歌创作的整体水平，同时为诗歌研究者和爱好者提供一个可以参照的系统。,中国文学
198,漫画分镜头表现教程,Oran猪,人民邮电出版社,NULL,2010-5,200,29.00元,胶版纸,9787115222565,8.7,127,NULL,"漫画是通过图像和文字来表达的艺术，而分镜头表现在漫画创作中起着重要的作用，它将故事发生的顺序、作者的观察角度、事物之间的关联和虚实关系，以及故事的节奏和情绪完美地诠释出来。本书针对漫画创作中最重要的一项工作——分镜表现手法进行了全面的介绍，内容包括漫画中“页”的概念、分镜头的三大特点、镜头角度对读者视觉的指引作用、镜头距离的配合使用及效果、画面焦点的定位、镜头移动对于切割画面的作用、漫画分格的技巧、漫画中声音的表现手法、各种效果线的灵活运用，以及22个分镜头技巧。 本书图文并茂，结构清晰，具有实用性和可操作性强的特点，非常适合于动漫爱好者、插画爱好者，以及相关专业的学生和工作人员阅读，也适合动漫相关专业作为培训教材。 目录 1　　漫画分镜头基础知识 第一课　漫画分镜头的特点 页的概念 漫画的运动和声音 漫画分镜头的其他特点 第二课　漫画分镜头术语及基...(展开全部)",漫画
199,老饕漫笔,赵珩,生活·读书·新知三联书店,NULL,2001-7,272,15.50元,平装,9787108015235,8.2,1513,NULL,"饕餮本为人所不齿的“好吃鬼”，但苏轼却曾以之自居，并作《老饕赋》：“盖聚物之夭美，以养吾之老饕。”，从此“老饕”遂成追逐饮食而又不失其雅的文士的代称。这些文士不但善于品味饮食，甚至不乏擅长烹饪者，“东坡肉”、“潘鱼”、“谭家菜”……可谓不胜枚举。古代的暂且不说，现代的梁实秋、王世襄、汪曾祺以及这本书的作者赵珩，皆是此道高手。 《老饕漫笔》是文坛宿将的主题回忆。文笔清淡含蓄，文品平实端庄，颇有“粤菜”之风。书中记录的，或人或事或风物或名胜或花絮或掌故，一概与吃相关。它用平实的语调钩沉与饮食相关的方方面面，却并不拔高，非将口腹之欲升华为文化精粹。",随笔
200,鲁迅:晚年情怀,王彬彬,上海教育出版社,NULL,1999-05,244,16.40,平装,9787532062997,0.0,10,NULL,《鲁迅:晚年情怀》为二十世纪文化名人与上海丛书之一，由上海教育出版社出版。,鲁迅
201,殷商舰队玛雅征服史,马伯庸,二十一世纪出版社,NULL,2007-10,235,22.80元,平装,9787539138244,8.1,2843,NULL,"当殷商的远征舰队将墨西哥西海岸纳入射程的时候，玛雅人对自己即将面对的命运仍旧懵懂无知…… 前所未见的历史文本叙述。 上古文明在疯狂与理性之间振荡往复。 殷商舰队跨越千里的美洲诡异之旅。 跨越十三个时区的史诗想象。  隐藏着巨大机械人的金字塔！外星文明与地底人的大碰撞！殷商末代王室的宝藏之谜！这些均不会在本书发生。 本书附赠殷商舰队玛雅征服史海报一张，卡片四张。  历史就像是薛定鄂那只可怜的猫，在时空中永远处于一种似是而非的迭加状态。唯有当历史学家翻开典籍，开始打算研究的一瞬间，历史的真实状态才会最终凝结。但是这种凝结并非恒定，无法通过重复试验来加以验证。一位古希腊物理学家指出：“人无法两次研究同一段历史。” 所以，如果读者错误地将本文所涉及到的历史、地理、人文艺术、科学常识以及其他一切自然非自然学科与读者本身所在时空加以对照——哪怕仅仅只是因为他们看...(展开全部)",奇幻
202,傾城之戀－張愛玲傳,任茹文．王,風雲時代,NULL,2004年03月01日,300,NT,平装,9789575699772,0.0,10,NULL,"張愛玲期盼的「比林語堂還出風頭」的日子終於降臨，她的衣不驚人死不休的時裝照，常被用作上海灘最洋派、最知名刊物的封面。   大街小巷，人人都在談論她的作品及她本人，女人一生中最放浪蓬勃的生命之花正慢慢綻放！",张爱玲
203,村上さんのところ,村上春樹／著,新潮社,NULL,2015-7,256,"JPY 1404",平装,9784103534310,8.1,10,NULL,"選りすぐりの「名問答」をセレクトして、フジモトマサルのイラストを加えた愛蔵版。何度でも読み返したい「人生の常備薬」 。 期間限定サイト「村上さんのところ」上で、村上春樹が3か月半にわたって続けた回答は、じつに3000問以上！　その中から、笑って泣いて考えさせる「名問答」を400～500問を村上さんご自身がセレクトし、可愛くてちょっとシュールなフジモトマサルのイラストマンガ約50点を加えた待望の書籍版！",村上春树
204,镜殇,呼延云,广西人民出版社,NULL,2010年05月,"284 页",28.00元,平装,9787219069264,7.1,160,NULL,"本格派推理攀登巅峰之作假如知道了自己生命倒计时的确切时间，你会狂躁，还是恐惧？ 【不合理犯罪】刑侦人员在对犯罪现场的勘察过程中，发现犯罪意图与犯罪，手法发生严重冲突即“不合理犯罪”如在伪造的自杀现场遗留明显的他杀痕。迹在伪造的病逝现场放置大量毒物等等。通常是罪犯为了转移警方视线、破坏重要物证、混淆侦查思路所采取的高超手段。 【目录】 第一章 恐怖座谭 第二章 打给空屋子的电话 第三章 12点整，电话响起 第四章 诡异的现场 第五章 劫后重逢 第六章 疯子 第七章 刀柄上的指纹 第八章 名茗馆 第九章 黑狗 第十章 女囚 第十一章 奄奄一息 第十二章 呼延云 第十三章 挑战 第十四章 透光镜 第十五章 洗冤 第十六章 连环杀人案 第十七章 爱比死更冷 第十八章 朱志宝 第十九章 渐冻 第二十章 呼延云的失败",悬疑
205,科幻六讲,吴岩,接力出版社,NULL,2013-10,117页,12.00元,平装,9787544831680,0.0,10,NULL,本书是《科幻应该这样读》的升级版。全书分为两部分。第一部分聚焦中国科幻主题，选取中国科幻文学的发展、中国科幻理论的思维分野、中国科幻的时代病症三个重要问题进行深度讲解。第二部分放眼科幻文学的整体，从科幻的文学空间与功能性、科幻的研究方法、科幻跟教育的关系三个主题，展现了科幻研究的丰富多彩性。本书内容丰富，理论性强，但通过口语话化形式达到了通俗性。本书适合于对科幻文学有兴趣的所有读者阅读。,科幻
206,一个人暖呼呼,(日)高木直子,江西科学技术出版社,NULL,2011-10,173,28.00元,平装,9787539044705,8.1,1470,NULL,《一个人暖呼呼》一如高木直子旅行系列风格，主要描绘了一个人，坐着火车、看着美景、吃着美食，一路泡温泉的旅行。《一个人暖呼呼》讲述了各种特色的日本温泉——超便宜的大众温泉浴池，能观赏雪景的露天温泉，飘着油花的油温泉等。《一个人暖呼呼》介绍了乘坐过的各种特色小火车——夏目漱石“少爷”列车，忍者哈特利列车，还有奔向日本最北端的鄂霍次克号！游遍1道10县，18处温泉，并且介绍了沿途的美景，温泉美食。,绘本
207,唐人绝句精华,刘永济选释,人民文学出版社,NULL,1981,"368 页",1.00,"32开 精装",9999999999999,9.4,72,NULL,暂无简介,诗歌
208,玫瑰之血,时晨,不详,NULL,2013-10,300,40.00元,平装,9789577297419,8.7,35,NULL,,推理
209,木兰无长兄1,祈祷君,百花洲文艺出版社,NULL,2016-2,272,29.80元,平装,9787550016149,8.1,136,NULL,"这是一部关于解甲归田后的花木兰的故事。 和故事里的结局完全不同，这里没有鲜花和掌声。 这个解甲归田、年已三十的花木兰，已经是乡野传闻中的一个怪物。 她是鲜卑和汉人混血，身材高挑，样貌并不美，她杀过人，握过刀，气质冷冽，力大无比，又有和男人们同吃同睡十二年的名声，早已做好孤独终生的准备。拒绝柔然使者和亲请求的一句“我癸水从未来过”，更成了她身为女人败笔的原罪。 被乡人坑得一脸血的贺穆兰，坚决表示：若是能再来一次，她一定隐瞒身份，接受官职，升职加薪，登上人生巅峰。 反正不受这洋罪！",言情
210,鲁迅散文杂文鉴赏,佚名,不详,NULL,2008-6,400,20.00元,平装,9787807084587,0.0,10,NULL,"《鲁迅散文杂文鉴赏》收入鲁迅《野草》和《朝花夕拾》两本散文集的散文32篇；杂文包括随感录、灯下漫笔、这个与那个等，共收入104篇。“鉴赏”文字结合每篇的时代，就其思想和艺术进行分析，精当简练，为广大读者提供一份阅读时的参考。鲁迅的散文、杂文、内容博大精深，艺术完美精湛，实属我国现代革命史、思想史、文学史上的瑰宝，是民族文化中无比珍贵的不朽的艺术宝库。 注释准确：疏通词义，言简意赅，权威考证。鉴赏精辟：鉴文深入浅出，优美精当，陶冶情操。世纪经典：孤独求败，冷峻深邃，相互隽永。精华毕呈：博大精深，富含哲理。名家杰作，雅俗共赏。",鲁迅
211,叶嘉莹说阮籍咏怀诗,叶嘉莹,中华书局,NULL,2007-1,197,24.00元,"平装 16开",9787101052336,8.3,396,NULL,阮籍流传下来的87首诗中，其中有85首题名“咏怀”，这是一个乱世诗人的悲苦写照。阮籍是中国文学史上继建安文学之后正始文学时代的诗人。当时正处于魏晋之交，社会上一群文士从外表上看放浪、恣纵、旷达、不守礼法，而在他们的内心深处有一份内在的悲哀和痛苦。阮籍的诗寄托深远，而其志气狂放、纵逸，幽微、深隐，蕴藉深厚，在痛苦无人可诉的时候，把零乱、悲苦的内心感情用诗文表现出来。,古典文学
212,霍顿听见了呼呼的声音,苏斯,中国对外翻译出版公司,NULL,2007-08,67,18.60元,Hardcover,9787500117148,9.3,71,NULL,《霍顿听见了呼呼的声音》：苏斯博士的图画书《霍顿听见了呼呼的声音》讲述了一个令人感动的故事。感动之一源于它的传达的生命平等和保护弱小的观念。无论多么微小，每个生命都有其生存权利，都应该受到尊重和保护。同样，无论多么微小，每个生命也都有存在的价值和意义，正是因为加入了乔乔——这个呼呼城最小的人的声音，呼呼们的叫喊才最终被大家听到。这个故事有一个温馨的结尾，那只曾经和妈妈一起嘲笑过霍顿的小袋鼠，最终也加入了守护呼呼的队伍，它用自己尚还稚嫩的小手，这为些生命撑起了一把明亮的小伞。希望每个成人和孩子，在合上这本图画书的时候，在深深感动之余，也都能珍爱和保护周围的每一个生命，不管它多么微小。作为世界知名的图画书作者，苏斯博士不仅创作幽默风趣、想象离奇的儿童初级英语读物，他的写作也涉及一些重大的、有争议的社会问题。,童话
213,茨威格自传,斯蒂芬・茨威格,北京广播学院出版社,NULL,2002-10,339,23.80元,精装(无盘),9787810851138,8.2,14,NULL,这是一个背井离乡的思想者，对于精神家园逝去岁月的个人回忆，幸福与苦难、理想与现实、和平与战争、兴盛与衰败冲撞交织的时代，触动了作者敏感的心灵与尘封的记忆，不断追思曾经如此安宁、保守、富庶、文雅的故乡维也纳以及整个远去的欧洲。文学家的细腻笔触之下流动着史学家的睿智，他在为已经坍塌的整个时代造像，个体的经历融入其中，产生了一部真实却不呆板，充满细节却不失深邃的历史，其中我们感知到生命尽头的灵魂，在与自己灿烂的青春对话，梦中的家园给冰冷的现实带来一丝丝暖意，但温暖背后却是，个体对于时世变迁的惊恐与无奈。,茨威格
214,张爱玲未完,于青,不详,NULL,2011-3,213,25.00元,平装,9787536061552,7.1,19,NULL,"于青，笔名亦清，山东青岛市人。文学硕士。中国作家协会会员。著有 女性文学学术论著《苦难的升华》、《女性文学论集》、《张爱玲评传》、 《东方鸿儒——季羡林传》、《黑夜的潜流——女性文学概论》等等。还著 有散文集《没有时间的快乐》，中篇小说集《紫色》、《香港的白流苏》等 等，其中《香港的白流苏》被翻译成泰文在泰国出版。     本书《张爱玲未完》就是由她所著，收录其中篇小说集《香港的白流苏 》，人物传记《张爱玲的爱与尽》和《张爱玲传》三部作品。",张爱玲
215,賭博默示錄(01),福本伸行,長鴻,NULL,2002-05-10,300,100元,平裝,9780765166180,9.1,588,NULL,"赌博默示录是福本伸行老师的开司赌博三部曲的第一部。第一部是赌博默示录（haobc)，第二部是赌博破戒录，第三部是赌博堕天录。 从1996年开始在《周刊Young Magazine》上连载《赌博默示录》、《赌博破戒录》、《赌博堕天录》统称《开司》系列。《开司》系列到2008年为止合计39卷，是卖出1000万本以上的大受欢迎之作，福本的人气稳如泰山。2005年《斗牌传说》、2007年《赌博默示录》均被TV动画化。《赌博默示录》动画名为《逆境无赖KAIJI～Ultimate Survivor～》。",漫画
216,匿名,王安忆,人民文学出版社,NULL,2016-1-1,450,39.00元,平装,9787020112616,6.7,172,NULL,"他是上海退休职员 ，受聘在一家私人企业工作。 一次偶然事故，阴错阳差，他被绑匪带走。绑匪为了消灭踪迹，将他弃于山坳。这个山坳在七十年中曾因地理位置成为民间的一个集贸地，后来经济开放，村民逐渐走出山坳，村庄荒落。他一人在此地挣扎生活，度过了一秋一冬。春天时，他不慎酿成山火，出逃后遇救，被送往山镇养老院，不期然遇到当时的绑匪；又寻机去往县城福利院，辗转找到上海家人。但在即将回家时，他坠入江中，顺江河流向大海。 此一遭际中，有无数的人和事进入他的生活。而他因应激反应失去了记忆，像一个初生的孩子一样，重新认识了世界和人生，将原始文明重新经历了一遍，最后成为一个新人，汇入了永恒的时间。",当代文学
217,赫伯特的奇幻人生,"[澳] 彼得·凯里",上海社会科学院出版社,NULL,2016-4-30,632,58.00元,平装,9787552011081,8.6,24,NULL,"本书的原著名为Illywhacker，是澳大利亚俚语，类似于英语俗语con-man，若以中文来说，可理解为粤语中的“老千”。 小说以倒叙方式，讲述了一位139岁的老人赫伯特•白杰瑞“以骗度日、以拐为生”的一生。这个富有魅力的“坏蛋”，一个多世纪以来闯荡整个澳洲，虽然斗大的字不识几个，但经历了丰富奇幻的人生。他造过房子、当过飞行员、推销过汽车、卖过艺、坐过牢，还四处拈花惹草。他所历经的那些如风暴般混乱、疯狂、诡异的奇遇，再现了澳洲大陆上一个时代的文明风景。尽管命途多舛，他却以荒诞不经和公然扯淡的态度安然对待，俨然是那个时代的澳大利亚国民性格的化身，折射出澳大利亚人追求个人与民族理想的现实困境。整部小说虽然是以超现实手法虚构而出的故事，但也充满子孙三代家庭的传奇和温馨，从真假莫辨、鱼目混珠（例如老人具有隐身术和过人的偷窃工夫）的矛盾中，透露出人性的尊卑和...(展开全部)",奇幻
218,我在伦敦买了一头狮子,"[澳] 安东尼·布尔克",南海出版公司,NULL,2016-11,200,35.00元,平装/四色彩图,9787544284769,8.7,107,NULL,"两个闯荡世界的大男孩，一时兴起在百货公司买下一头狮宝宝。 这个“二友一狮”的组合，便开始了一段跌跌撞撞，又充满意外惊喜的旅程。 可爱大猫很快长成雄狮，并终于在众人努力下回到非洲故乡。 分隔一年之后，心爱的小狮子是否还认得他的人类老朋友？ ——有时候，与其说我们拯救了动物， 不如说是动物让我们成为了更完整的人。 ★ 34幅珍贵照片，记录萌狮克里斯蒂安的成长岁月 ★ —————————————————————————————— ◎ 没有爱过动物，心灵就有一部分未被唤醒！ ◎ 这个惊世骇俗的感人拥抱，你一定还没忘记：YouTube视频超5000万点击，10余年过去仍在全球持续发酵。 ◎ 美国脱口秀女王奥普拉友情提醒：看这个故事前，一定记得准备好纸巾。 ◎ NBC、ABC、“动物星球”、中央电视台专访，《纽约时报》《泰晤士报》畅销书。 ◎ “有你，真好”：放...(展开全部)",外国文学
219,顾城新诗自选集,顾城,百花文艺出版社,NULL,1993-12,230,7.60元,平装,9999999999999,9.0,95,NULL,全书分为雪地、后裔、海篮三部分，附录有顾城自选代表作目录和创作年份。“雪地”主要收录80-81年诗作，“后裔”收录81-85年诗作，“海篮”收录86-93年诗作。全书第一篇为《我的幻想》（1969年5月），最后一篇代后记为《回家》（1993年9月3日）。中间诗歌末尾留白处穿插了些顾城的绘画作品。,诗歌
220,于无地彷徨,苏克军,光明日报出版社,NULL,2011-10,300,33.00元,平装,9787511210524,0.0,10,NULL,本书通过解读鲁迅作品发现，从微观层面上看鲁迅作品中出现了一系列破碎、苦痛的个别家庭，这些家庭的形象都是消极的、负面的、绝望的、痛苦的，表现了置身于其中的个人的无家可归的流浪的苦楚与凄凉。,鲁迅
221,美少女的谎言,（美）莎拉•谢菲尔得,接力出版社,NULL,2011-1-1,296,25.00元,平装,9787544816687,7.6,71,NULL,"紫檀镇：优美，安静，纯朴。镇上住着斯宾塞、汉娜、阿里亚、埃米莉四个青春靓丽正在上高中的的姑娘。四位闺蜜曾经亲密无间，曾经笑傲同辈，曾经生活顺遂舒适，日子过得精致无比，似乎一切无懈可击。 不过，一个“坏消息”突然降临打破了如优雅的灌木树篱一样齐整的所有平衡：警察找到了曾是四姐妹闺蜜之一、一年前离奇蒸发的阿莉森……她死了，四个曾发誓严守秘密的女孩也开始收到一个叫A的家伙不断发来的恐吓纸条儿……秘密越藏越多，悬疑越积越冷。那个似乎知道所有秘密A到底是谁？四个女孩到底应该继续保守秘密？还是先去揭开A的身份让一切暴露在坦荡荡的阳光下？ 成长开始于怀疑，谎言围绕着青春……此刻，尽管在紫檀镇几乎不能轻易相信任何眼睛看到的东西，可善良在暗自复苏，责任感在悄然回归，在一派谜团般的迷茫中，理想的锋芒这正在积聚力量，预备出鞘。 “美少女的谎言”系列是美国作家莎拉•谢菲尔德...(展开全部)",悬疑
222,人类,[加拿大]罗伯特·索耶,安徽文艺出版社,NULL,2010-8,285,28.00元,平装,9787539634074,7.5,65,NULL,《人类》内容简介：尼安德特物理学家庞特·布迪特和同伴找到了让两个世界的通道保持开启的方法，尼安德特人和格里克辛人（地球人）将和平共处、共同繁荣，还是会在平行宇宙中燃起硝烟？庞特作为公使再一次来到了这个地球，多伦多大学的遗传学教授玛丽·沃恩和庞特在纽约重逢，并随他一同回到尼安德特世界。这是个高度文明的、丝毫未受污染的、和地球截然不同的世界。两个世界的差异令玛丽有些措手不及，而她也从研究中得知尼安德特人和格里克辛人分属两个不同的物种。跨越了文明和生物的界限，她和庞特的爱情将何去何从？,科幻
223,好玩!佳佳龟,张之路,希望出版社,NULL,2000-9-1,232,10.00,平装(无盘),9787537926409,8.9,101,NULL,暂无简介,童话
224,达·芬奇密码,"[美] 丹·布朗",上海人民出版社,NULL,2004-2,432,28.00元,平装,9787208050037,8.2,123908,NULL,"哈佛大学的符号学专家罗伯特·兰登在法国巴黎出差期间的一个午夜接到一个紧急电话，得知卢浮宫博物馆年迈的馆长被人杀害在卢浮宫的博物馆里，人们在他的尸体旁边发现了一个难以捉摸的密码。兰登与法国一位颇有天分的密码破译专家索菲·奈芙，在对一大堆怪异的密码进行整理的过程当中，发现一连串的线索就隐藏在达芬奇的艺术作品当中，深感震惊。这些线索，大家都清楚可见，然而却被画家巧妙地隐藏起来。兰登无意之中非常震惊地发现，已故的博物馆馆长是峋山隐修会（Priory of sion）的成员--这是一个真实存在的秘密组织，其成员包括艾撒克・牛顿爵士、波提切利、维克多·雨果与达芬奇，这无疑给他们增加了风险。兰登感觉到他们是在找寻一个石破天惊的历史秘密，这是个数世纪以来就证明了的既能给人启迪又很危险的秘密。在这场足迹遍及巴黎以及伦敦的追逐中，兰登与奈芙发现他们在跟一位始终不露面的幕...(展开全部)",小说
225,緋紅樹,陳志勇,和英,NULL,2003-7-1,300,NT,平装,9789867942326,9.3,286,NULL,"Patricia Wrightson年度最佳童書 澳洲童書協會年度最佳繪本銀獎 波隆那國際兒童書展年度最佳繪本銀獎 澳洲學校協會年度最佳設計繪本獎 西澳 Premier好書推薦獎小女孩醒來  看見枯黑的葉子從天空飄落 不知道為了什麼 憂愁啊將她籠罩 ……《緋紅樹》是一部高水準、獨樹一格的繪本創作，處處洋溢著令人驚豔的美感。作者精緻的圖畫，展現出獨到的藝術手法。從複雜的拼貼畫，到潑墨般的技法，都能掌控裕如，並且呈現出一種嚴謹的創作態度。這些內蘊豐富的圖畫所傳達的視覺訊息十分強烈，讀者每翻開新的一頁，就能當下理會其中的含意。文字簡單而直接，富於詩情，這些字句提供了讀者解讀畫面的途徑，為之增色不少。  －－－美國學校圖書館月刊書評作者陳志勇（Shaun Tan）的繪本作品極富創意。《緋紅樹》的每一頁都是令人難忘的藝術作品，它們結合了華麗的想像、多重的藝術美...(展开全部)",绘本
226,大日坛城,徐皓峰,作家出版社,NULL,2010-11,386,36.00元,平装,9787506355995,7.9,1495,NULL,"《大日坛城》内容简介：“大日坛城”是一幅描绘佛教经典《大日经》诸佛境界的唐代绢画，佛教“唐密”修行者的法物。“唐密”即唐朝时由北印度传入中国的佛教密法，当时日本僧人空海从大唐学得带回日本，流传千年至今。而在中国，“唐密”在禅宗兴盛之后渐渐失传，今人多已不识，说到密宗，只知有“藏密”了。 以《大日坛城》为题，故事主线却是围棋。主人公俞上泉是一位围棋天才，在20世纪三四十年代的中日战争期间，以其神奇不可思议的棋艺，打败日本诸多围棋高手，赢得“第一人”称号，并在一次次的挑战中立于不败之地，与当时中国国内节节败退的抗战形势形成鲜明对照。反过来说，当日本侵略军在中国战场节节胜利之时，他们视为“国技”的围棋之战却接连不断地败在一个中国人手下。围绕俞上泉，有一意保他和灭他的各种力量在拼争、厮杀：身怀绝技的中国武术高手、日本武士名流、中统特务、日本特务、抗日战士、汉...(展开全部)",中国文学
227,"What I Talk About When I Talk About Running","Haruki Murakami",Vintage,NULL,2009-8,192,129.00元,Paperback,9780307389831,9.0,114,NULL,"An intimate look at writing, running, and the incredible way they intersect, from the incomparable, bestselling author Haruki Murakami.While simply training for New York City Marathon would be enough for most people, Haruki Murakami""s decided to write about it as well. The result is a beautiful memoir about his intertwined obsessions with running and writing, full of vivid memo...(展开全部)",村上春树
228,橘さん家ノ男性事情,"上原 りょう",フランス書院,NULL,2015-3-20,351,"JPY 778",文庫,9784829663202,7.1,62,NULL,暂无简介,漫画
229,女性的精神,万燕,同济大学出版社,NULL,2008-3-1,386,25.00元,胶版纸,9787560837154,7.9,54,NULL,"全书分上篇和下篇两部分。上篇“读解张爱玲”由一本有关张爱玲的理论著作构成。作者在充分赏阅、吸纳大量中外文学名著的前提下，结合张爱玲自身的生活经历，从张爱玲天性喜好并深受影响的众多“潜文本”入手，通过对“潜文本”的了解、作家的生活背景和作家本人创作的感悟，尤其是对此三者复杂关系的精心厘析，深入地考辨了极富城市文化意义的思想情绪、人物形象、叙述笔法等构成的，在“传统和个人的才能”间保持了很好的艺术张力的“张爱玲体”，为认识理解张爱玲这个20世纪中国文学史上才情别具的都市女作家，提供了颇具启示性的方向。 下篇“张爱玲及女性文学”由分析张爱玲或女性文学的几个研究专题构成。",张爱玲
230,人类命运攸关的时辰,斯蒂芬.茨威格,南开大学出版社,NULL,2006-1,"455 pages",25.00元,简裝本,9787310026142,9.1,21,NULL,人类命运攸关的时辰：德语文学精品读（德汉对照），ISBN：9787310026142，作者：斯蒂芬.茨威格,茨威格
231,孤独美食家,"[日] 村上龙",湖南文艺出版社,NULL,2013-2,282,28.00元,平装,9787540453190,7.4,4455,NULL,《孤独美食家》内容简介：村上春树带你去虚幻飘忽的世界，村上龙则把你拉回到现实生活。《孤独美食家》中，村上龙以半自传的形式，讲述了三十二个吃遍天下美食的故事。穿插于甲鱼、牛排、毛蟹、咖喱羊脑、鱼子酱、山椒味噌之间的，是巴塞罗那、维也纳、东京等时尚之都、大小饭馆与酒店，以及各色男女的爱欲场景。每一个故事都触动你的感官神经，引发你对人生的各种况味的体验：欲望、罪恶、感伤、孤独和幸福。酸甜苦辣，百味横陈。,随笔
232,水浒全传（上中下）,施耐庵/罗贯中,上海人民出版社,NULL,1975,1418,2.95,平装,9999999999999,8.7,541,NULL,暂无简介,古典文学
233,斩春,十四郎,百花文艺出版社,NULL,2009-12,389,25.00元,平装,9787530655894,7.4,2852,NULL,"年少不知愁，她的心喜欢飞很高，望过重重山峦，在风云诡谲的江湖里，有一个梦。 不怕吃苦、不怕流血，要继承闻名天下的斩春剑，她总是把儿女情长丢在身后，碰也不碰。 直到真正失去那个可贵少年，她才明白破碎的不光是江湖梦，还有一颗年少的心。 原来年少时会爱上的人，可以记一辈子。 这世上，有两件事总教人唏嘘不已：美人迟暮，英雄末路。 是抛却一切伤感，与风流江湖浪人携手而归，做一对抢钱夫妻？还是珍藏年少记忆，就此千山暮雪，只影向谁去？",言情
234,鲁迅全集(12),鲁迅,人民文学出版社,NULL,1981-12,630,37.50,精装,9787020015351,9.2,21,NULL,,鲁迅
235,玉岭的叹息,[日]陈舜臣,广西师范大学出版社,NULL,2010-1,217,22.00元,平装,9787563392605,7.5,608,NULL,"本书又名《重见玉岭》，是日本推理大家陈舜臣代表作之一，日本推理作家协会奖获奖作品。作品巧妙地在时空交错中演绎古今与中外三个追求爱情的故事，延续陈舜臣一贯的儒雅文风，呈现其推理写作的深厚功力。 菟原少女，日本古代佳人。两个青年为迎娶她而相互较量射艺，一人射中水鸟的头，一人射中尾巴，不知如何是好的她只好选择自尽。 朱少凤，南朝梁武帝时江南名媛。石能与包选两位青年才俊为能娶到她而比赛雕刻石佛，最后却在阴谋与爱情中双双毙命。 李映翔，抗战时期勇敢的少女。日本青年学者入江与抗战游击队队长卧龙投入了这场关乎国家、爱情的较量。究竟，芳心何归？结局，让人不胜意外和唏嘘。 作品古今交错，荡气回肠，令人低回辗转。 名家评价 事实上将爱情作为推理的题材，曾是推理小说史上的禁忌，而在这部作品中，恋爱、犯罪以及背景（时代与风景）浑然一体，爱情升华为神秘的罗曼史，芳香扑鼻——这...(展开全部)",推理
236,宝宝的量子物理学,克里斯·费利,中国科学技术大学出版社,NULL,2016-1-1,25,"CNY 42.00",平装,9787312039171,8.3,32,NULL,《宝宝的量子物理学》由于扎克伯格给自己出生不久的女儿“阅读”而名声大噪。,绘本
237,卫斯理作品集,倪匡,中国言实出版社,NULL,2002-12,300,323,平装,9787801284044,8.2,913,NULL,"倪匡，生于1935年12月11日，著名小说家。原名倪亦明，后改名倪聪。1957年到香港。作过工人、校对、编辑，自学成才，成为专业作家。他写作面十分广阔，众体皆备，小说则包括侦探、科幻、神怪、武侠、言情各种。写作速度也十分惊人，每小时可写八千字，曾同时为12家报纸写连载。武侠小说以《六指琴魔》为代表， 想象奇特；也曾在金庸出国期间代金庸写《天龙八部》连载。倪匡先生的作品范围极广，包括武侠、科幻、奇情、侦探、神怪、推理、文艺等各类型的小说及杂文、散文评论、剧本等。",科幻
238,孤意在眉,周云龙,上海三联书店,NULL,2014-5,216,42,平装,9787542644435,0.0,10,NULL,1946和1947年的张爱玲是尴尬难堪的，然而，她深埋在这段年月深渊里的生命状态却是一个意蕴丰赡到令人为之恍然凝思的文本。不同于一般的坊间读本，把这个年代的张爱玲浪漫传奇化的夸张庸俗做法，本书作者秉持“身外冷暖，背后文章”的视角，从具体的文化文本和社会文本阅读出发，解析个人历史的焦虑不安与时代脉络间的复杂牵连。其中，张爱玲的希翼与怅惘、妥协与固守、私语与缄默、介入与疏离，均辩证地暗示了知识与身体之间幽微的结构契合和意义互文。,张爱玲
239,本和我,(美)罗伯特·罗素,安徽教育出版社,NULL,不详,300,39.90元,平装,9787533675936,7.5,39,NULL,暂无简介,童话
240,村上春树作品集,村上春树,北方文艺出版社,NULL,1999年,300,70.00,平装,9787531710813,8.0,111,NULL,"听风的歌
 袋鼠通信
 发条鸟年代记（第一部：鹊贼篇 预言鸟篇）
 发条鸟年代记（第二部：刺鸟人篇）",村上春树
241,锦绣旗袍,周业娅,时代文艺出版社,NULL,2010-11,414,45.00元,平装,9787538732078,7.1,351,NULL,"《锦绣旗袍Ⅰ·秦淮灯影 》： 民国时代，哀怨的新娘身着锦绣旗袍，在秦淮河畔璀璨灯火中投水自尽。这件被诅咒的旗袍，凡接触者必会丧命。死亡恐怖不断蔓延，怨气始终死守旗袍，诅咒每一个穿过它的人…… “锦绣旗袍店”的老板李影意外遇见这件“秦淮灯影清旗袍”，从此发生一连串诡异的事情。旗袍 上怨气冲天，死亡笼罩每一个穿过它的人。他们不是行踪成迷，就是悲惨横死。通晓灵异的古董店老板唐朝与李影开展了对这件旗袍的调查，却发现离奇失踪的爷爷与此案件有关。而这股深沉的怨气因受人惊动，开始俞演俞烈，无人能挡，凡见过旗袍的人开始无一幸免…… 《锦绣旗袍Ⅱ·替身》： 古玩店老板唐朝在李影疯掉的第三个年头经人遇到恐怖小说作家林韩，林韩从小不得父母喜爱，到上海后寄住在干妈何素兰家，为何宅的秘密吸引，无意成了何家的继承人，就在她写完以何家为背景的最后一本书，准备离开的那天，曾帮她做过...(展开全部)",悬疑
242,碑,"[法] 维克多·谢阁兰",上海人民出版社,NULL,2009-6,167,28.00元,平装,9787208086128,7.9,167,NULL,《碑》是谢阁兰生前正式出版的惟一一本诗集。此书采用了中国传统的收录金石拓片的连缀册页形式，书中每首诗的右上角皆配汉语题词，诗的四周还围以黑色边框，使人见书如见碑，表现了诗人对“碑体诗”的追求。在1989年法国国家图书馆举办的法国历代文学珍本展览中，《碑》被列入当代四十种文学珍本参加展出。这是一本特殊的令人惊讶的作品，是一本中西文化合璧的奇书，堪称中西文化交流史上的一方诗的纪念碑。,诗歌
243,杨绛散文,杨绛,浙江文艺出版社,NULL,1998-09,402,20.00,平装,9787533907617,8.8,598,NULL,"本书前言 本书为杨绛女士的散文集。按创作时期收入杨绛女士的散文四十四篇，所收篇目，均由杨绛女士作了校订。是迄今为止收辑最全和最新校定的杨绛散文汇编，包容了杨绛女士半个多世纪以来散文创作的基本面貌，便于读者了解杨绛女士散文风格的形成、发展和变化。 特色及评论 文章节选 阴一棵浓密的树，站在太阳里，像一个深沉的人：面上耀着光，像一脸的高",中国文学
244,"长歌行 08",夏达,新世纪出版社,NULL,2015-5,176,19.80元,平装,9787540589875,8.9,820,NULL,"惟有花间人别后，无期。水阔山长雁字迟。 回到长安，繁华依旧，物是人非。 被尘封的过往因为各种势力的加入而变得更加扑朔迷离。 然而，长歌却舍弃无限靠近的真相，毅然走上一条迥异的道路…… 国漫领军人物夏达依旧以其独特细腻的叙事、个性鲜明的人物、跌宕起伏的情节设置，为我们述说大唐公主李长歌的成长故事。 《长歌行》第8卷一扫前期的迷茫，带着一股意气勃发的爽朗气息！幡然悟“道”的长歌真正看清楚了自己的内心，踏出成长的重要一步。“我已失家，不愿意失国”的低诉让人动容，因“哀民生之多艰”而走上“兴唐”道路的长歌，面对阿窦的不理解、风起云涌的局势，自是“虽九死犹未悔”。 《长歌行》第8卷是新篇章的开始，为了家国天下，长歌与阿史那隼分道扬镳，果断向西。强敌环伺，险阻重重，周旋在各种权谋诡计里的长歌，纵素手染血、刀剑加身，心自无畏。",漫画
245,女不强大天不容,六六,长江文艺出版社,NULL,2013-9-10,300,33.00元,平装,9787535469038,7.3,1153,NULL,"著名作家、钻石编剧六六从《蜗居》横空出世起就是个风云女子，在她的生花妙笔下，国事与家事的真实生动无不令人惊赞。新作《宝贝》写作期间，她自己的婚事也成为微博内外关注和争议的焦点，以至被媒体评为情感专家输了婚姻。 斗罢小三儿放弃婚姻的六六却赢得了更美好的人生。回顾过去为夫为子为父母奋斗的十几年血泪史，坐看今天手持上海绿卡、收入翻30倍、考入中欧商学院进修的成就，六六没有抱怨和愤怒，而是感激岁月把自己酿成了一杯红酒。她把自己的经历和对女人们的奉劝整理成集，便是这部最霸气的随笔集，《女不强大天不容》。 这世道，留给女人的活路很窄。六六文风依旧睿智犀利，嬉笑怒骂中道出人生真谛。本书不仅是六六从小女人、女强人、名女人到大女人的心路历程记述，是“情感专家”对自己婚事的首度正面回应，更是一本女性强大内心养成手册，告诫广大女性要以强大的姿态立身处世。",当代文学
246,冷血,杜鲁门·卡波特,南海出版社,NULL,2010-1,320,28.00元,平装,9787544245999,8.5,2376,NULL,"《冷血》主要内容简介：11月15日，夜，堪萨斯州，霍尔科姆村。几声枪响，良善温和、广受尊敬的克拉特及其一家惨遭灭门。凶手异常凶残狡猾：被害人均被击中面部，电话线被割断，子弹壳也消失不见……一时间，平静的村庄陷入前所未有的猜忌与恐惧，案件震惊了整个美国。 卡波特立即赶到当地，开始一连串访谈，对象包括死者亲友、邻居、当地警察，以及最重要的——两名凶案嫌疑人。 一个天才的作家，经过长达六年的精心梳理，逐渐将案件重建、还原：从案发现场到发现蛛丝马迹，从凶手与亲人温情的通信到最终被吊上冰冷的绞索。当作家试图打开凶手的内心时，他的灵魂、他的目光、他的笔，比凶刀更加绝望冰冷。    点击链接进入：  《冷血》   《蒂凡尼的早餐》",外国文学
247,百年诅咒,那多,接力出版社,NULL,2008-6,339,26.00元,平装,9787544802789,7.4,2072,NULL,"著名作家茨威格用自传的形式回顾了自己的一生，写成《昨日的世界》。在这部自传里，他用很大的篇幅记录了自己遭遇到的连环神秘死亡事件，以及与他的剧本有关的演员都无一幸免于死亡的厄运。后来，茨威格和妻子阿尔特曼在巴西里约热内卢郊外的寓所内自杀……本书以此为故事依据，大胆想象、推理而成。 小说开场，一位上海著名演员离奇死去。死者的侄子弗城在清理遗物时发现了一份茨威格从未公布的戏剧手稿，于是决心将其搬上中国的舞台。就在费城为此着手准备的时候，曾经被认定为诅咒过茨威格的诅咒百年之后再度显灵……为了破解诅咒，费城冒死探究，不断努力。 心理学系女研究生韩裳试图用科学的方式化解濒临诅咒边缘的深度危机。当与茨威格手稿有关的一位女艺人神秘死亡之时，两人的研究有了突破性的进展。直到这时，费城才意识到：叔叔之死并非因为疾病，而是情杀，刚刚死去的女艺人很有可能就是谋杀者。 连环谋...(展开全部)",茨威格
248,猎魔人2：宿命之剑,"[波兰] 安德烈·斯帕克沃斯基",重庆出版社,NULL,2015-5-1,360,34.80元,平装,9787229098742,9.2,443,NULL,"一头白发，双剑如牙，三餐不定，四海为家。五月节期之前，六年盟约之后，猎魔人杰洛特再度现身。 猎魔人向来以斩妖除魔为己任，在本书中，他将斩杀石化蜥蜴、屠灭腐食魔、擒拿变形怪、围剿金龙；还要帮助小美人鱼谈情说爱，解除鸬鹚男爵（不是该死的天鹅王子）的诅咒，并深入树精出没的原始森林，营救一位戴红衣兜帽的小女孩…… 猎魔人不相信命运，但宿命之剑早已悬在他头顶。所有与他相关之人——他的诗人朋友丹德里恩、欢喜冤家叶妮芙、六年前承诺的意外之子，甚至他久未蒙面的生母……都将在宿命的旋涡中翻卷纠缠。 “宿命之剑有两道刃，一道是你，但另一道会是什么呢？”",奇幻
249,鲁迅经典全集2：散文全集,"鲁迅 著，中国作家榜  编",湖南人民出版社,NULL,2015-9-25,272,59.00元,精装,9787556110124,8.5,60,NULL,"这是百年来中国流传深远的散文经典名篇，展现了鲁迅温暖、童趣、挣扎的内心世界。 本书完整囊括鲁迅传世佳作《朝花夕拾》《野草》原版文章35篇；特别精选60首新旧体诗及6篇怀人散文。 翻开本书，跟随鲁迅的脚步，从百草园到三味书屋，一路遇见长吟的鸣蝉、肥胖的黄蜂、轻捷的叫天子、低唱的油蛉、弹琴的蟋蟀、诱人的美女蛇……",鲁迅
